score,review,y
1,위생 개판이고 컵에 드러운거 덕지덕지 붙어있어요.제발 좀 닦으세요! 그리고 부탄가스좀 갈아요 제발.알바 화상입을뻔했고 잘못했다가 손님얼굴에 불 붙었으면 어쩌려고그러시나요? 맛은 그저 그래요. 춘천꺼 먹다 여기꺼 못먹겠음.위치빨임.,0
2,맛도 특색없고 비위생적이었어요..!,0
1,"닭갈비는 1인분에 11,000원이구요. 사진은 닭갈비 2인분 주문해서 음식 나오자마자 전혀 손도 안대고 찍은 사진입니다. 진짜 팩트에요 저렇게 나옵니다. 양 보고 진짜 어이가 없었네요. 그리고 무엇보다 직원들 진짜 싸가지 없네요 밥맛 다 떨어지게..양도 직원들 싸가지도 다 없지만 뭣보다 가장 중요한 맛이 없습니다. 이 돈 주고 웨이팅 서가면서 왜 먹는지 전혀 모르겠네요. 재방문 의사 절대 없습니다.",0
2,웨이팅 줄을 가게 안에 세우는게 맞나 싶네요 밥먹고 있는데 옆에 사람들 득실 거려서 먹기 좀 그랬음 맛도 그냥저냥한번 먹고 안갈곳,0
3,"정말 딱 3점짜리 가게.저렴하지도, 맛없지도 그렇다고 맛있지도, 임팩트가 있지도 않은 딱 3점짜리 가게점심식사하기 좋음",0
2,"저녁에는 웨이팅이 있다고 들었는데, 대체 여기 줄을 왜 서는 건지... 직원들 불친절한 건 둘째고 그냥 맛 자체가 X",0
3,,0
1,직원 교육 좀 시키세요 내 돈 주고 밥먹는데 눈치 보여요,0
2,"셀프 반찬인데, 고추나 마늘 없이 쌈무와 쌈채소, 쌈장뿐양도 맛도 그냥 그랬어요..밀키트 데운 맛 입니다",0
5,가끔 가는데 맛있어용,1
3,모듬사리를 추가하면 양이 생각보다 많습니다.볶음밥에 김치가 더 있었으면 하는 아쉬움이 있습니다.가끔 재방문 할 의사 있습니다.,0
4,보통맛은 맛있고순한맛은 다시 안먹을것 같아요직원 분들 친절했어요~~,1
4,그냥 그럼 ..,1
2,,0
2,조리가 다 되어서 빨리 나오는 것이 장점이며 쌈채소와 양배추 샐러드가 싱싱하여 좋았음.맛은 괜찮은 편이나 짠 편이며 대기가 이렇게 많을 정도의 맛은 전혀 아님.업주로 보이는 카운터보는 남성의 태도가 상당히 무례함. 대기 및 들어오는 손님을 본인이 안내하고 관리할 생각을 안하고 줄서있는 손님들한테 다그치듯 묻질 않나 내가 당한것도 아닌데 보기만 해도 불쾌해짐. 손님이 많고 장사가 잘되니 여러번 설명하기 힘들어서 그런거라 이해를 해보지만 돈 내고 감정노동하고 온 기분이라 다시 안가고 싶음.,0
1,비주얼 좋음  음식사진 잘나옴 맛 없음당면끼리 서로 눌어붙음양념 맛 없음 너무 달고 특색 없음 입맛 당기는 맛이 절대 아님 치즈 안 늘어남고기가 퍽퍽하고 고기자체가 별로없음매장 더움테이블에 벌레 날아옴목이 좋아서 장사가 잘 되는 게 분명..,0
1,어제 저녁에 방문했습니다.카운터쪽에 주로 계시던 회색 부리형 마스크 끼신 남자분 너무 불친절해서 불편하게 먹고 나왔네요휴지 어디있냐고 물어봤는데 고갯짓으로 ㅋㅋ 가르키시고 채소 있냐고 여쭤봤는데 손짓으로 ㅋㅋ 다른분들은 친절하신데 .. 아쉽네요,0
5,자주 방문 하는 곳,1
1,들어가자마자 직원들이 손님들한테 화풀이를 하네요. 닭갈비라는 음식이 맛이 없을 수 있는지 몰랐는데 당면 닭 떡 치즈 모든 재료들이 맛없으면 그것도 불가능한 일이 아니었다는 걸 알게 되었습니다.,0
1,여기 위생 너무 안좋아요 테이블 먼지 버너 기름 근처 끈쩍끈쩍 어느정도는 이해 하는데 너무 심해요,0
4,닭갈비 맛있습니다. 늘 사람이 많아서 줄 서야 하는건 아쉬워요.,1
5,,1
1,일단 닭에서 잡내났음물통 입구엔 물때껴있음맛도 양도 무엇하나 특출난건 없었음게다가 휴지까지 셀프인 인건비절감의 교과서근데 사람 많음 ㅋㅋㅋㅋ,0
3,닭갈비는 어디가든 맛이 비슷한거같습니다 양은 푸짐했어요 ~,0
1,"매장에 날파리가 왤캐 많은지 위생 수준은 훤히 보이고 싸가지없는 직원들 인상 팍팍쓰며 응대하는 꼬락서니보니 밥상 엎어버리고 싶은 맘이 굴뚝. 알바들 교육이 이모냥이니 제대로 된 위생, 식자재 관리가 될 지는 안봐도 유투브. 사흘 굶은 꽃제비들도 공짜로 줘도 안 먹을 음식 내놓곤 3만원 뜯어가는 거 보니 칼든 흉노족. 먹고 나서 배아픈 건 따블. 별 하나 준 것만으로도 성은이 망극하옵니다 외치면서 카카오 본사 방향으로 큰절 세 번 올리고 달궈진 닭갈비 무쇠철판에 이마 세 번 찧어라.",0
1,직원 친절이 문제가 아니고그냥 간이 덜배고 맛이 없음 강남역에 위치해서 사람이 많이 가는듯하다맛집은 절대 아님,0
5,치즈닭갈비 맛있어요 자주감,1
1,"장사를 하려는건지 안하려는건지... 공손까지는 바라지도 않고, 손님한테 짜증만 안내도 좋을 것 같습니다.",0
1,남자 앞머리 있는 모자쓴 알바생 매우 불친절함 표정도 팔기 싫은데 억지로 일하는 느낌 양도 적고 맛도 짜고 최악,0
5,맛있게 잘 먹었습니다,1
3,Good/decent but not amazing. A bit too salty and greasy. Too much cheese.,0
1,밑에 사진들 보면 아시겠지만 다른 곳 1인분이 여기 2인분임.. 별점 낮은거 신경쓰였는지 12월 8일자로 다수가 5개를 줬네요?,0
1,사회적 상황이 어렵게 되면서 다들 힘들게 번 돈으로 방문한 손님들이에요. 저는 오늘 처음 갔고 딱 이거만 같이 먹은 일행 모두 이 새벽에 설사하고 있네요. 우연일수도 있죠.20% 정도는 까맣게 태워 주셔서 탄 맛 때문에 버렸어요. 덕분에 볶음밥도 탄 맛이 듬뿍이었어요. 직원분도 무례한 행동을 자연스럽게 하시더라구요. 물통 달라고 손가락으로 까딱까딱 하시던데 자연스러워서 저도 모르게 공손히 드렸네요.이것저것 많이 추가해 주문해서 양은 적당했고 맛도 괜찮았어요.사장님 답글보니 별점 낮으면 마치 진상으로 취급하시는 거 같아서 마음이 무겁네요. 저도 그런 취급을 받겠죠?지금 설사하느라 밤새 화장실 들락날락 했는데 이 정도로 끝내면 좋은 고객 아닌가요.사실 제 평가와 관계없이 위치 좋고 프랜차이즈고 이름 좋아서 계속 장사는 되시겠지요.,0
1,"여기 닭갈비 2인분이 다른 가게 1인분임고기 양 너무 적고 고구마, 떡 같은 기본 사리는 1도 안 들어감 .. 그 흔한 무쌈도 없고 .. 맛집 아니고 그냥 비싼 닭갈비집임 ..",0
5,웨이팅걸리기 전에 가서 바로 착석. 질리지않을 맛. 맛있었음 깻잎 싸먹으면 존맛탱,1
1,,0
1,친절은 기대도 하지 마세요....진짜 말을 어덯게....화가 나네요,0
1,"돈이 너무 많아서 주체가 안 되면 가세요....고기에서 반지하 물 냄새, 닭냄새가 섞인 냄새가 남 ㅋㅋㅋㅋㅋㅋㅋㅋㅋㅋㅋㅋㅋㅋ 먹는데 비위가 상해......소스도 전혀 안 배어있음. 치즈사리는 2인 4천원/ 3인 5천원/ 4인 6천원 이런 식으로 받아먹음 ㅎ",0
1,"다른데 1인분이 여기 2인분임 ㅋㅋ가격도 비싸고 알바생들 노느라 서비스 엉망임.제대로 조율해주는 매니저도 없고 닭갈비 나오는데 23분, 볶음밥 하나 하는데 15분씩 기다려야함.주문했는데 알바생들끼리 준비안하고 떠들고있어서 밥 볶아달라니까 재료준비중이라고만 반복함.김치 날치알 밥 김가루가 15분이나 준비해야하는 재료였는지 몰랐네주방에 일하는분들 다 마스크도 안쓰고 계시고..다시는 안감",0
1,옛날에 장인닭갈비 정말 맛있었는데ㅠ 이제는 닭도 덜 익은데다가 양념도 너무 과하게 달고 치즈추가도 했음에도 불구하고 너무 적게 줍니다…닭이 덜 익어서 그런지 비린내가 너무 심합니다..초심 되찾아주세요;;,0
1,초심잃었습니다..제가알던 장인은 어디가고 아마추어 닭갈비가 되어버린 안타까운 식사였습니다.다른 닭갈비집 가세요이만,0
4,가격대비 양이 많지는 않음. 친구가 가운데 치즈 때문에 가자고 했는데 괜찮았다. 막 특색이 있다는 아닌데 볶음밥이 맛있다. 기름에 볶아진 느낌이 아닌데 약간 달달하니 손이 계속 갔다. 무슨 봉봉인지 뭐시기 음료 절대 비추,1
3,,0
4,,1
5,여자친구와 치즈 닭갈비를 잘 먹었어요. 넘 배불러서 볶음밥까진 못 먹었어요 ㅋㅋ,1
4,"닭갈비만 먹었을 땐 3점이었는데, 볶음밥까지 먹고 4점 드립니다. 볶음밥 꼭 드세요! 중간맛으로 먹었는데 적당히 매콤하고 치즈에 양파랑 같이 먹으니 괜찮았습니다. 순한맛으로 먹었으면 좀 많이 싱거웠을 것 같아요. 엄청 뛰어난 맛과 서비스를 기대하긴 힘들겠지만.. 위치 좋고, 비주얼 좋고, 적당히 호불호 안 갈리게 한 끼 먹기 괜찮습니다.",1
3,맛있게 먹긴했으나... 단맛이 너무 강해서 별5개는아니라고 보임,0
5,맛있는데 단맛이 좀 강함,1
4,치즈 플레이팅?이 예쁘게 돼서 유명한 것 같은데 맛은 아무 닭갈비집이랑 차이는 없다. 가격만 좀 더 높을 뿐.,1
4,생각보다 맛있었어요 양도 적당.볶음밥 굿,1
4,,1
5,가성비 진짜 최고~ 닭갈비에 무조건 치즈사리 추가!!마지막 볶음밥까지~ 한끼식사로 충분해요~,1
1,"평일 오후타임 일하는 여자알바분 개념은 밥 말아먹으셨나봐요? 앉을 자리 보고 qr체크인 한다고 말했더니 짝다리 짚고 서서 노려보면서 qr찍으라고 소리치고, 벨누르는데 직원끼리 모여앉아서 노느라 보는 시늉도 안하고, 영수증에 금액 두배로 찍혀있어서 말했더니 사과한마디도 안하고. 가본 식당중에 단연 서비스 최악이었습니다. 장사할거면 직원교육부터 똑바로 시키시길. 다신안갑니다^^",0
3,,0
5,여기는 무조건 치즈 추가 필수 줄여서 치추필 기억하세요 치추필 뭐라고요 치추필,1
5,치즈닭갈비 너무맛있어요 ㅠㅠ 깔끔하고 좋아요,1
5,동네에 체인점 있었을 때 맛있어서 많이 갔었는데~~! 지금은 없어졌지만 강남 들른김에 생각나서 방문했네요. 여전히 맛은 그대로 입니다,1
5,양 많고 맛있네요~!,1
5,닭갈비 양도 많고 맛있어요!,1
5,여긴 치즈추가 필수에요 ㅜㅜ 매콤한 닭갈비에 싸악 싸먹으면…. 가성비도 넘 좋아용 추천!!,1
5,정말 맛있어요..   가성비최고,1
1,난생 처음 보는 비상식적인 응대에 감탄하고 갑니다. 직원분이 하시는 말 못 들은 상황이었는데 저희가 귀머거리도 아니고 무슨 조롱하듯 대여섯번을 앞에서 QR체크 하셔야해요 하면서 소리지르시더라고요. 와중에 옆에서 다른 직원분은 말리지도 않고 웃고 계시고요. 매장에 1분있었음에도 전반적인 서비스가 얼마나 형편없는 지 알 수 있었습니다. 왜 알바를 안 바꾸시는 의문이 들 정도였습니다. 여러 후기를 보니 알바생에 대한 평이 안 좋던데 알바생을 교체하시는 게 가게 운영에 나을 듯 싶네요.,0
1,"아니 알바생인지 매니저인지 모르겠는데 자리를 옮겼다고 말도 안하고 저희가 옮긴것도 아니고 양해를 구하고 옮겼고. 즐겁게 먹고 계산을 하고 나가려던 와중. ""아, 거기 멈춰봐요. 일로와서 다시 계산하세요."" 이러면서 명령하듯이 화가난 말투로 말씀하셨는데 본인들이 빌지 처리를 잘못하셔서 계산하셨으면서 정중히 사과를 해도 전혀 이상한 상황이 아닌데 오히려 저희한테 화를 내시더라구요? 얼굴로 싫은티 팍팍내고 진짜 대놓고 한소리 하려다가 그상황에 너무 당황해서 아무말 못하고 나왔어요. 아직까지도 저희가 무슨 잘못을 했는지 모르겠구요. 기분좋게 먹었는데 이딴 서비스 받고 다신 안가고싶네요.",0
4,,1
3,양념이 너무 달다. 그래도 배는 부름,0
1,알바생들이 교육이 잘안된건지 융통성이 없던건지ㅋㅋㅋㅋㅋ 볶음밥시켰는데 불이 계속 안켜졌는데 안켜지면 가스통을 바꾸던가 다른곳에서 볶아와야하는거아님? 근데 또 안되네 이러면서 우물쭈물하다가 밥만 비비고 가서 볶음밥이 아니라 비빔밥먹음ㅋ,0
1,"먹다 수세미? 조각 나와서 사장 나와라고 하고 싶었지만, 용기가 없어서 그냥 나옴가지 마세요.",0
4,배불러요,1
1,"옛전에는 이러지 않았는데 아쉽네요.닭갈비랑 볶음밥 양이 엄청 작아졌고, 명동점은 닭갈비에 소스가 남아있지않으면 소스 조금 더 가져와서 간이 맞게 볶아주고 닭 남았으면 닭도 같이 볶아줍니다. 대체 직원교육을 어떻게 시켰는지 사장님 마인드가 다 보여요. 닭갈비랑 토핑 추가 주문하려는데 ""닭갈비 는 2인분 부터 주문 가능하세요."" 하더니 그냥 가버리고 토핑은 추가된다했다가 안된다했다가. 게다가 쌈으로 먹을때는 몰랐는데 닭에서 냄새나요. 상추에서도 돌씹었구요. 처음 온거 아닌데 사람도 많더만 관리를 왜 안하시는지 모르겠네요. 어제 저녁부터 배가아프더니 어제 여기서 점심을 먹은것 때문인가 싶네요.",0
1,진심으로 돈 아까웠던곳 양도 너무 적고중간맛은 밍밍 볶음밥 시키고 나서거의 다 남겼습니다 고추장에 설탕 왕창부은맛이구요 진짜로 리뷰 거의 안쓰는데 너무한거같습니다….,0
5,사장님들 친절한 서비스 감사합니다!,1
3,맛있는지는 모르겠어요. 후각 좋은 사람들은 닭 잡내 맡을 수 있어요. 특별히 반찬도 없고 아무것도 없고 닭갈비만 나오는데 양이 많은것도 아니예요. 근데 가격은 일반 닭갈비집에 비해 비쌈.,0
2,"비주얼에 비해 맛은? 음...1. 드럼스틱살, 양배추, 떡, 조미료 가득한 양념으로만 맛을 내서그런지 3개 정도 먹다보면 질림.2. 당면이 다 불어서 나옴. 어제 만들어놓은 음식 먹는 느낌.3. 오랜만에 닭이다싶어 젓가락으로 집으면 양배추임.4. 중간맛은 안 매운맛임. 총평) 마늘, 양파 등을 추가하여 재료를 조금 더 풍성하게 할 필요가 있어 보임. 그렇다고 닭양이 줄어들면 안됨. 면이 불지 않게 하는 방안도 중요. 왜 미리 만들어져서 나오는 지 이해 안됨. 이러다가 망할 거 같음. 재방문 의사는 없음.",0
5,저번에 맛있어서 또 방문했는데 역시나 맛있어요!!! 이러다 단골될듯ㅋㅋ,1
5,깔끔하고 맛있어요 !! 볶음밥도 원래 닭갈비 양념이랑 맛이 분리되는데 이곳은 그렇지 않아 정말 좋았어요 ㅎㅎ 직원분들도 친절하시네요 !!! 왕추천입니다,1
5,우선 닭갈비 솔직히 맛있음 양념이 자극적이지 않고 중독성 있음 직원들 친절함아래 리뷰들 이해가 안감 가게가 바뀐건지 내가 알수없지만 참고로 난 만족한곳들만 리뷰함,1
5,너무 맛있습니다 !! 한끼 식사로 좋네요 ㅎㅎ,1
2,"블로그에 또 속았네요...ㅜㅜ  맛은평범. 4인분 중 닭고기양은 엄청 조금이고, 직원들중 캐셔보시는 분 완전 불친절.",0
5,완죤맛집~~~,1
1,먹고 하루지난 뒤인 지금도 계속 배아파요ㅠㅠㅠ혹시나하고 들어와봤더니 다른분들도 그러시네요,0
3,이정도면 맛있다고 할수 있는것 같습니다.  가면 또 가겠지만 일부러 먹으러 찾아갈까 싶기도 한 적당한 집. 당면넣어주는게 좋았어요ㅎ,0
5,매번 좋은 사람들 만날때 방문하는데 매번 맛이 좋네요.,1
5,학원끝나고 일주일에 두세번은 가는 듯 ㅎㅋㅋㅋ 장인닭갈비 너무 맛있어요!,1
5,매운 닭갈비에 치즈추가하면 남부러울게 없지,1
5,뉴발란스 건물 뒤편에 바로 보였어요 맛있게 잘 먹고 갑니당,1
5,매장 깔끔하고 항상 사람 많지만 맛있어요 !,1
5,위치가 좋아서 자주 찾아가서 먹어요 닭갈비 맛있어요,1
5,치즈추가해서 먹었는데 완전 맛있어요 ㅠㅠㅠㅠ 직원분들도 친절해서 좋아요,1
1,위생 최악.. 가게 내부 곳곳에 벌레끈끈이 있는데 초파리가 징그럽게 많이 붙어있어요 자리앉자마자 바로 보여서 먹기전부터 계속 생각나고 (대체 왜 손님 테이블 바로 옆에 보이도록 둔 거지? 싶음;;;) 음식위에 올라간 검은깨가 다 초파리처럼 보이고 먹는 내내 초파리가 주위에서 계속 날라다녀요 화장실은 말할것도 없이 너무 더러워요 닭갈비 좋아해서 볶음밥까지 먹고 싶었는데 남기고 그냥 나왔습니다,0
5,말이필요없어요ㅜㅜ 너무 맛있어요ㅜㅜ 일끝나고 힐링하네요,1
5,언제먹어도 닭갈비는 여기만한데가 없는거 같아요! 너무 맛있게 잘먹고 갑니다ㅎ,1
5,닭갈비 치즈 조화 미쳤어요! 너무 맛있어요!,1
1,양이 너무 적어요;; 진짜 너무 심함,0
1,집에서 내가 만든게 더 맛있음,0
1,"1개도 아까운 인생 최악의 닭갈비 남이섬 앞에서 먹은 장사치들의 닭갈비가 지금껏 중에 최악이었ㄴ는데, 여기가 갱신했네요 달고 짜기만한 소스에 사리추가 안하면 그냥 닭에 양배추 몇개. 볶음밥도 그냥 달기만 하고... 닭은 꾸역꾸역 먹었는데 볶음밥은 한 입 먹고 싹다 버리고 나와서 샌드위치 사먹었네요 강남역에 맛있는 곳 없는 것도 알고 기대도 안했는데 역대급이예요 강남에서 제일 맛없는 밥집",0
5,,1
2,소스는 맛있는데 재료가 안좋은건지 조리를 잘못하신건지 닭이 맛이 없네요..,0
1,,0
1,이게 2인분이고 닭 한조각 먹었습니다. 운동 사리도 추가한거에요 ㅋ. 그리고 신기하게도 알바들 전부다 불친절합니다. ㅋㅋ 일하기 싫은건 알겠는데 손님들 기분 잡치게 할 필요는 없잖아요?ㅋㅋ 오늘이 첨이자 마지막일 듯. ㅂ2ㅂ2,0
1,여기서 먹고 배탈났습니다 ㅠㅠ 배가 진짜 많이 안좋네요 ㅠㅠ,0
4,"다른 닭갈비 프렌차이즈보다는 약간 가격이 더 있지만, 비싼 정도는 아니고, 다 조리해서 나와서 깔끔하고 좋았습니다. 전체적으로 깔끔하고 좋네요.",1
1,,0
1,,0
5,비싸지만 맛있음.. 분위기 면에서는 일산점보다는 훨씬 훌륭한데 맛은 일산이 조금 더 좋았음,1
5,,1
5,잘먹었슘다! 맛있어요:),1
1,5인 방문해서 세트 및 주류 왕창 시킴. 뭐 달라고 하면 가서 안옴. 또 눌러서 달라고 해야 2번째에 갖다줌. 맥주도 세 번 부름. 스프라이트 30분 후에 옴. 볶음밥은 와서 재료 던져놓고 한참을 안옴. 벨 눌러서 부르니 그냥 양념넣고 가서 또 한참을 안옴. 탈때까지 기다려보자고 했는데 친구가 벨 안눌렀으면 볼만했을듯. 볶음밥 하나 먹는데 벨을 4번 누르는 가게. 돈은 비싸고 룸은 덥고 서비스는 느리고 돈보다도 시간이 아깝고 오랜만에 만난 사람들에게 미안했던 방문. 그 다음 모임들은 전부 다른 가게로 옮겼습니다.,0
4,친절하세요ㅎㅎ 잘먹었습니다,1
2,,0
3,가격대비 서비스를 받는다는 느낌이 안들고 고기도 그냥저냥 깍두기 볶음밥은 별로입니다..,0
4,된찌밥이 진짜 별미,1
2,이 가격이라면 맛 없을 수는 없겠지만 기대보다는 그닥..ㅠㅠ다른 지점에서는 분명 더 맛있게 먹었는데 구워주시는 분에 따라 차이가 있는 걸까요..,0
1,살다살다 이런 가게는 처음입니다.사고 쳐놓고 직원끼리 작당모의 하고 아무일 없는 척 일하는 분들. 매니저는 가식적으로 다음에 오면 서비스 해드릴게요 하는가게.옛날 창고 생각하고 가시지 않길 바랍니다. 유명 프랜차이즈에 인수된 가게에 불과합니다,0
1,두번 가지는 않을것후기대로 직원들 싸가지 없음벨무시 기본메뉴판 달라니까 불친절하게 저뒤에 있잖아요 내가 이집 주인이냐! 저뒤에 있는줄 알게!!!다신 안간다,0
1,벨 무시당함 지나가는 직원한테 고기꿔달라고 말해야함. 언제먹으라는 말도 없이 그냥 휙 가버림 이 돈주고 이 서비스를 당해야하나,0
2,"불친절, 반찬이 특색없음 특히 깍두기볶음밥 최악 물냉은 그나마 먹을만담부턴 경천애인이나 한와담 가야지",0
4,,1
4,룸에서 모임하기 좋아요.,1
5,너무 조치 룸도 잇고 근데 환기가 안됨 ㅠ그리고 카운터 남자분 일 똑바로 햇으면 ㅠ 싸1가지 진짜 가정교육 된장찌개에 밥말아먹엇나,1
2,"여기올때마다느끼는거지만 카운터 직원, 맨앞에서 자리응대하는직원 참 불친절...말풍선 다보인다. 말하는게 기본이 안된듯",0
5,,1
2,바닥이 너무 미끌거림..파채는 도끼로 써는듯,0
4,친구들과 즐겁게 식사하고 왔어요. 룸도 있어서 룸에서 먹으니 좋네요!,1
5,,1
1,원래 리뷰 아예안쓰는데 처음 씁니다. 오랜만에 왔는데 서비스는 개나 줘버리고 고기올려놓고 까먹은건지 뭔지 오지도 않고 이게 소고기인지 고무씹는건지 모르겠네요. 맛있다고 지인 데려왔는데 다신 안올거같아요 만원짜리 삼겹살집이 더 나았을듯,0
1,아니 고기 몇만원어치를 먹는데 계속 안구워주고 벨을 눌러도 묵묵 부답 진짜 비싼값내고 먹는데 짜증나 죽을뻔함,0
1,,0
3,왠지 모르지만 맛의 기복이 있어요 그리고 나갈 때쯤이면 거의 훈제인간 됨,0
2,후식도있었나요? 못먹음 (디너) 창고43스페셜,0
4,,1
4,고기질 좋고 잘 구워줌.가격은 비싼 편.(1인당 16.7만 지불),1
4,,1
4,맛있고 깔끔하고 친절하셨어요고기 다 구워주시고 최고,1
2,좋은 고기를 맛 없게 구워먹는 곳이란 느낌을 받았습니다. 고기 상태는 좋은데 구워주시는 분에 따라 평가가 다른 것 같네요.,0
1,,0
3,,0
2,팬은 무쇠팬인거 같은데 진짜 고기 못굽네요. 그냥 점심식사하는 거 외에는 비추. 돈아깝습니다,0
3,회식하기에 좋네요,0
2,좋은점: 고기 맛있다. 친절하다.안 좋은 점: 1. 공기가 아주 매캐하다.  (환기 잘X 목 아픔)2. 어둡다. 지하인데 창문 하나 없고 조명 어두움3. 테이블 다닥다닥 붙어 씨끄럽다.4. 비싼만큼 비싸다.결론: 다신 안감. 창고43 삼성점이 훨씬 낫다,0
1,3명이서 30만원이나 먹었는데 자리도 구석탱이 주고 서빙도 엉망이고 분위기도 별루에요. 예약석 자리 텅텅 비었던데 저도 예약했는데 왜 자리를 그렇게 주나요? 기분 별루였어요,0
3,편하게 먹을수 있음. 맛남~,0
4,창고는 언제나 맛있음  식당이 조금 어둡다는 단점빼고는 다 좋음,1
5,"어머니생신_20180224전반적으로 좋았고, 육회도 굿.",1
3,지하라 어두움너무 사람많음직원은 적음엄청 빠르시긴한데 불편함 먼가.,0
1,cashier 응대가 매우 불쾌했음 직원 교육이필요하네요,0
5,맛있음. 약간 비싸지만 손님과 오기 좋음. 룸도 있고.,1
5,,1
4,깔끔하고 맛도 괜찮아요. 가격은 조금만 저렴했으면,1
3,법카가 요긴하게 사용되는 스타일의 식당달랑 지인과 점심 메뉴로 먹은 갈비탕이라 평가가 조심스럽지만 특별하지는 않았다,0
3,보통입니당,0
3,깔끔하고 맛도 괜찮았어요 ^^,0
5,"강남 한우는 여기서. 깍두기 볶음밥도 매력있음. 단, 내 돈주곤 못 먹겠음",1
3,,0
4,,1
4,,1
3,대도식당의 짝퉁버전인가?깍뚜기밥까지 똑같네...,0
5,맛이야 두말하면 잔소리고 서비스 좋다. 자리 조용하고 넓고. 근데 비싸다.,1
5,"갈비탕 14, 갈비도 실하고 맛있는데다 좌석은 편하고 주차가 매우 편하며 심지어 2시간 무료!",1
4,,1
4,,1
4,"창고스페셜, 특안심, 설화등심, 육회.음.. 맛있는데 특별히 우와!하는 맛은 아니다.",1
4,철판에 구워서 찢어주는 고기집!  고급스러운 인테리어! 된장찌게 굿!,1
4,요즘 유행인듯한 불판 스타일! 고기 맛나고 볶음밥도 괜찮음,1
5,가격 비쌈,1
4,,1
3,그가격에 그맛,0
5,,1
5,진짜 맛있어요( ◜⤙◝ )♡,1
5,맛있어요,1
5,제가 구워먹는 고기를 크게 선호하지 않는 편인데 여긴 진짜 맛있어요 ㅋㅋ 데려간 지인들도 다 만족했어요,1
4,,1
4,무엇보다 친절하시고 맛있어요~~ 항정살은 솔드아웃이라 목살 삼겹만 먹었어요 ~~ 고기 두껍고 굿굿,1
4,"가격이 비싸고 양이 작아서 가성비 면에선 별로지만 삼겹살이 진짜 맛있어요. 육즙 콸콸👍🏻 목살은 삼겹살만큼은 아니었고, 된장찌개는 쏘쏘에 물냉은 진짜 별로에요😨 고기 구워주시는 직원 분 정말 유쾌하셨구 비싸지만 삼겹살 먹으러 또 갈거같아요 ㅎㅎ",1
5,된장찌개 냉면 등은 평범한데 고기가 미쳤음 한 남자직원이 너무 불친절해서 기분 나빴는데그걸 다 용서할 수 있을만큼 존맛,1
5,고기 당연히 맛있고 된장밥도 맛있었구 비빔냉면이 진짜 맛있어요!! 직원분들 고기도 잘구워주시고 엄청 친절하고 유쾌하셔서 기분좋게 식사했어요. 얼린 물티슈도 주시는 센스...!! 유일한 아쉬운점은 양이 약간 작은 점 정도입니당,1
5,가격있는만큼 고기 질이 좋다 사장님 고기굽는 스킬도 좋아서 더 좋다,1
5,진짜 여기저기 다녀봤지만 이곳이 좋다..양은 많은 편은 아니지만 그렇다고 적은 편도 아님!삼겹살 먹고싶을땐 무조건 여기 감.. 쵝오,1
5,,1
5,존맛탱. 양 적고 비싸지만 돈 값합니다. 두꺼운 삼겹살 유행이지만 그 중에서도 뛰어난 맛입니다. 직원들도 친절하십니다. 괜히 사람이 많은 게 아님!!! 재방문의사 200%. 오래오래 다니고싶은 집.,1
5,"가격이 좀 비싸지만 통통하고 넘나 맛있어요,,양 적어서 3명이서 6인분은 먹어줘야해요직원분들 친절해요",1
4,,1
4,"목살, 삼겹살 먹었는데 첫 한점은 정말 맛있는데 나중갈수록 퍽퍽해서 아쉬웠어요ㅜㅠ 남자친구가 강추해서 같이 간 곳인데 고기 구워주시는 직원분에 따라서 고기 맛이 달라지는 거 같아요~ 비빔냉면도 맛있었습니다~",1
5,맛잇어요!̤̮,1
4,맛있게 잘 먹었습니다,1
5,,1
4,입에서 살살 녹아요.ㅎㅎ,1
4,고기맛이 끝내줘요~~,1
4,맛있어요,1
4,육전식당 신설동 본점도 자주 갔는데 강남에도 있길래 방문함. 기대가 너무 컸나 다들 맛나게 먹었지만 부족했음… 많이 시끄러워 대화하는데 목이 아팠다. 고기맛은 여전히 굿.,1
3,오늘은 삼겹살이 질겼어요 목살은 겉바속촉이었는데 삼겹살 살코기 질김 무슨 일이죠? 원래 육즙팡팡 부드럽게 녹았잖아요 고기 상태 신경써주세요... 지인에게 자신있게 소개한 곳이었는데 아쉬운 자리였네요ㅠㅠ,0
5,맛있음,1
5,목살도 존맛 삼겹살은 대존맛사진 왜 못찍었을까 나,1
1,,0
5,고기 자체가 맛있네요!!! 소금 갈치젓 다 맛있어요!,1
5,,1
4,맛잇으느 비싸다으,1
5,친절하고 너무 맛있었어요.고기도 진짜 맛잇게 구워주시고..근데 볶음밥은 진짜 별로에요. 비싼데 맛이없어요..고기많이드세요,1
4,,1
5,ㅈㅁㅌㅌㄱㄹ,1
4,,1
5,,1
3,맛은 있지만 가성비는 좋지 않아요,0
4,맛있고 직원 분들이 매우 친절하셨어요,1
4,직원 친절. 고기 맛있음. 가격은 비쌈,1
5,깔끔하고 맛있어요,1
4,"삼겹, 목살, 항정살 세개 먹어본것중 갠적으론 삼겹, 목살이 맛있음.식당에서 먹은 고기중 맛이 손에 꼽힘 그러나 가격도 손에 꼽힘+ 직원분들 친절",1
5,,1
4,,1
5,,1
5,진짜 맛있어요... 깜놀.....ㅠㅠ육즙이 미침.. 직원분들도 친절하시고 감사합니다! 맛있게 먹고가요~,1
5,명심하세요.삼겹살은 육전식당 입니다.본점갈필요없어요.사장님 운영정신 좋으십니다.,1
3,"3~4점 정도고기는 150g에 16,000₩으로 올랐어요오늘도 나는 다른 고깃집을 찾아 떠난다....",0
3,고기 맛있습니다. 오랜시간 웨이팅 해야하는지는 잘.,0
5,,1
5,고기 육즙 굳 사람 많아서 노굳,1
5,,1
5,진짜여기는 언제먹어두 마싯슴 근데 친절하기까지함 ㅠ3ㅠ,1
3,"서비스는 좋음. 그러나 이 가격에 먹을 만한 품질은 아니라는 생각. 비계가 많고 질긴 고기를 크게 썰어주기까지 하니 먹기 불편했고, 사이드로 시킨 된장찌개와 냉면도 평범한 수준이었음. 게다가 서빙하는 종업원들과 달리 요리사들은 마스크를 벗고 있어서... 불 앞에서 일하느라 더운 건 알겠는데 시국이 시국이니만큼 좀 더 신경써줬으면.",0
4,맛있다. 하지만 서울 Top1은 아니라고 생각된다.,1
4,삼겹살이 과장 많이 안하고 녹아없어지는 경험은 처음인거같아서 또가고싶다.,1
4,먹어본 돼지중에 최고,1
5,,1
5,하남돼지집이랑 투톱,1
4,고기는 맛있는데 사람이 많아서 약간 시장통 분위기,1
2,그럭저럭~,0
1,삼겹살 시키면 잘 보세요 비계덩어리에요. 비계가 80%라서 바꿔달라고 해도 안바꿔주려고 난리임. 기분더러움. 고기가 아닌 걍 기름덩어리던데 비싼데 돈아까움.,0
2,고기가 너무 질긴데 크게 썰어주니까 턱아픔명성이 자자한 육전식당은 강남점은 아닌걸로...,0
4,,1
3,,0
5,직원분들도 너무친절하시고 부족한거 있으면 눈치빠르게 가져다주심 고기도 너무 맛있어요 꼭 가보시길 으이!,1
4,완전 친절하고 완전 맛있음 특히 목살. 양이 조금 적은게 아쉬워서 4개,1
4,서비스 맛 가격이 고퀄명이나물은 굳이 시켰다 싶은게 다른 찬이 다 괜춘함,1
4,가격을 비싸지만 맛있고 구워주니 좋음,1
4,재방문 의사있음,1
5,완전 맛있었음.4호점 오픈하고 얼마안됐을 때 가서 5시 조금 전에 가서 오픈전까지 잠깐 기다린터라 별로 안기다려서 더 좋았던 기억.,1
4,진짜 지금까지 먹어본 돼지고기 중 역대급. 고기질도 좋은데 맛있게 잘 구워주시는 것도 커요.별 하나는 웨이팅 너무 심해서 뺐어요. 금요일 퇴근하고 갔더니 한시간 반 기다렸어요ㅠㅠㅠ,1
4,맛있고 (목살이 맛있음)친절하나 웨이팅이 있어 밀어내기식 운영이라좀 정신없었어요.성인남자 둘이서 넉넉하게 (터질정도 아니고)먹으면 8만원은 그냥 깨집니다.,1
4,고기자체로만 본다면 맛있습니다. 다만 가격에 비해 양이 너무 적어요ㅠㅠ 특히 볶음밥이 왜 4천원인지는 모르겠습니다..,1
5,,1
5,저의 최애 돼지집!!삼겹살과 볶음밥 정말 강추합니다.,1
5,"친절한 매니저님, 서버분들은 기본 베이스. 고기는 말도 못할 정도로 늘 최상으로 맛있고, 곁찬부터 된찌까지 나무랄 데가 없다. 웨이팅만 없다면 근방 식당에서 단언컨대 원톱이라 자부함. 갈 때 마다 늘 기복없이 기분 좋게 식사할 수 있도록 해주셔서 감사함.",1
4,목살 너무 취저!! 냉면도 얇은면이라 너무 좋음. 고기도 맛있고 냉명도 맛있어! 일하시는 분들도 너무 친절하고 유쾌하심!! 근데 별 하나 빼는 이유는 대기 시간이 길고 ㅠㅜ 명이 나물 2천원 추가라서 눈물 또로로 ㅠㅜ 그래도 또 갈께요!!!,1
4,점심 제육볶음 좋습니다.,1
1,"일본인 친구랑 먹으러갔는데 (일본어로 대화하고 한국어 다 알아들음)밤 10시정도 됐을때 여자직원분께서 ""일본인ㅈㄴ안간다"" 이러시는걸 들어서 기분이 상당히 안좋았습니다... 밤 11시까지 영업인걸로 아는데 화장실도 10시부터 잠가버리시고ㅠ 담부터는 웨이팅이 길더라도 다른 지점으로 가볼게요",0
5,개맛집.,1
3,,0
5,이 맛을 위해서라면 웨이팅은 물론 웨이터도 될 수 있어!,1
4,,1
3,너무 맛있고 직원들도 친절한데 돼지같이생긴 여자가 너무 싸가지없음 완전 똥씹은표정짓고 일하기싫으면 집에가던지.. 왜나와서 밥먹으러온사람들 기분잡치게만드는지 이해가안가네요,0
5,,1
4,,1
5,,1
4,계산하는분빼고는모두가 너무친졀!!!!또갈거에용,1
5,항정상 목살 먹었는데 맛있었어요6시 전에 가서 앉아 먹었는데 6시 이후로는 줄서더라구요저 고기 구워주신 직원분도 매우 친절했어요팁 드리고 싶었는데 현금을 안들고 다니는 죄인이라...ㅜㅜ,1
2,여기 고기가 질겨요. 육즙도 그리 호평할 정도는 절대 아닙니다. 줄 까지 서서 먹을 이유가 전혀 없는듯;; 그리고 직원들이 불필요한 말들을 너무 많이 해서 불편합니다. 가격만 비싼거지 품질이나 서비스는 평균수준입니다.,0
5,,1
1,5살 남자아이와 갔습니다.매우 순하고 있는지도 모르겠는 시끄럽지않는 아이입니다.잠시 아이가 일어났다가 앉는 사이 사이다컵이 닿아 쓰러졌습니다.아이도 표정이 놀랐고 저는 빨리 앉으라며 여기서 일어서면 안된다고 주의를 주었습니다.그때 여자 직원분이 보시고 닦으러 오시면서 아이에게 그러니까 의자에서 일어나면 안된다며 단호한톤으로 혼을 내셨습니다.아이가 놀라 평소와다르게 참는듯이 소리를 작게내며 울었습니다.그러니 여자직원분이 아이고 약하게 여자네 여자~ 라고 하셨습니다.아이가 저에게 요리사는 무섭다고 작게 속삭이며 울먹였습니다.요리사 트라우마가 생긴것같습니다.굳이 부모가 제어하고있는 와중에도 그러셔야했는지^^;요새 맘ㅊ맘ㅊ 난리니 혹여 오해받을까 그냥 지나치고 왔습니다.,0
5,웨이팅은 한 15분 정도..? 직원분이 몹시 친절했어요 ㅎㅎ 고기는 다른분들 평처럼 맛있어요~,1
2,,0
5,굿,1
5,웨이팅에 놀라고 고기 구워주는거에 놀라고 고기 육즙에 놀라고  가격에 놀랐다. 돼지를 소처럼 먹은건 처음인데 정말 부드럽고 맛이 좋아요,1
5,5점줌 개인적으로 하남돼지집보다 맛잇음 우리나라 원탑된장찌개 볶음밥도 맛잇음 가격은 좀 부담됨그냥맛잇고 밑반찬도 훌륭 최고임,1
5,내가 먹은 삼겹살 최고 맛집,1
5,韓国で一番おいしいサムギョプサル店。ザ・ブースのクラフトビアも置いてあります。新設洞にある本店の方が、さらにおいしいですよ！,1
2,,0
4,고기 맛있는데 웨이팅이 좀 길고.. 냉면 볶음밥 등 살짝 맛이 아쉽습니다. 찬은 정갈하게 나오는 편이에요!,1
4,웨이팅 외엔 좋음,1
4,뛰어나게 맛있는 건 아니지만 모임하기 괜찮은,1
4,"프렌치랙, 등심이 맛있습니다. 숄더랙은 질겼어요. 사이드로 고추 명란밥 추천드립니다. 직원이 구워주기는 하나, 손 댈 필요 없을 정도로 신경쓰지는 않으니 이 점 유의하세요.",1
4,양고기 냄새 전혀없고 부드럽습니다 처음드시는 분들도 거부감 못느끼겠어요직접 구워주어 편합니다 6명이 배불리먹고 30정도 나왔어요 와인콜키지 2인당1병 무료,1
5,,1
1,돈많이 벌어서 배부른집,0
1,맛이 좋아 4번 방문했었습니다.5번째 방문하려는데 매우 불쾌하네요. 매니저이신지 사장님이신지. 시간이 가면 갈수록 불친절해지시더니 정점을 찍어 다신 방문의사 없습니다. 브레이크타임에 대한 내용이 안내문마다 달라 브레이크타임 종료시에 들어갔더니 브레이크타임 종료는 맞는데 30분의 추가 세팅시간이 있으니 30분있다가 다시 방문해달라는 어이없는 소리를 계산대 책상에 몸을 기대서 건성 건성 답변해주시더라고요. 정말 맛때문에 그냥 참고 다녔었는데 삼성점이랑은 다른 태도에 시간이 더걸리더라도 다시 삼성점으로 방문할 생각입니다. 리뷰확인하시고 헛걸음하지 않길 바랍니다.,0
4,"맛 좋습니다.예약시스템, 합리적 가격, 좋은 위치단, 룸은 구워지지않는 시스템은 조금 아쉽습니다 참고해주세요!",1
4,"일단 맛도 있고 서비스도 잘 갖춰져있다. 이런 곳은 하란데로 하는게 좋다. 서비스란게.. 받는 사람도 하기나름. 꽉찬 테이블 왔다갔다 하면서도, 잘 구워주고 챙겨주었다고 생각한다. 매우 미숙하지만 엄청 노력해준 새알바분도 땡큐.",1
4,맛있는 편.2인은 바 좌석 밖에 못 앉아서 상당히 불편하다.직원이 직접 구워주다보니 따닥따닥 앉히는 것도 불편.4인 이상부터만 예약 가능.입구쪽에서 안내하는 남직원 상당히 고압적.분위기는 좋고 고기도 신선한 편.특제 소스는 살짝 찍는 게 아니라 듬뿍 찍어먹는 게 맛있다.사이드 메뉴 중 라멘과 고추명란밥은 둘 다 간이 좀 세다.,1
5,,1
3,친절한듯 하지만 부족한 점이 많은 서비스..맛없다고 하긴 애매하지만 그렇다고 뛰어나게 맛있지도 않음…,0
5,"고메램 강남점에서 지인과 모듬양갈비로 맛있는 양고기 숯불구이를 먹었다. 처음 먹어보는 양고기구이였는데, 각 부위와 먹는 방법에 대한 설명으로 양고기를 맛있게 먹어볼 수 있었다.",1
5,너무 맛있어요 앉은 자리도 편하고 인테리어 분위기 너무 좋네요 사이드메뉴도 짜지않고 전반적으로 구수한 맛이여서 더 좋았어요~,1
5,맛있어요!! 분위기도 좋고 담에 또 가야겠어요 ㅎㅎ굳굳,1
2,"야채는 직접 구워 먹어야 합니다. 맛있는 익힘정도로 잘 구워주던 양갈비 전문점 가다가 그냥 굽기만 하는 곳에서 먹으니 내가 직접 구워먹는게 낫겠다 싶어요! (겉은 타고 속은 안익고, 와규 등심은 삼겹살처럼 바싹 태우더라구요) 재방문 의사 없어요!",0
5,맛있네요 분위기도 좋고 고기도 다 구워주시고 다 좋습니다,1
4,괜찮앗어요 재방문 의사 잇는데 낫또밥은 너무 비림 ㅠ,1
5,좋아요 와인 콜키지도 됨!,1
3,분위기 짱 좋음 금요일밤에 가니까 웨이팅 좀 있음! 예약 꼭 하고 가시길! 양갈비는 언제먹든 맛있는데 고기 구워주는 직원분 스킬이 아쉬웠다.. 양갈비는 자고로 센불에 고기 겉면 빠짝! 익히고 미디움으로 먹는게 최곤데… 숯빼주실때보니까 숯 양이 적었던거 같아서 불이 약했던거 같기두 하당 그리고 양갈비 뼈대쪽은 더 오래 익혀야 살이 익는데 너무 대충 주셔서 나중에주신 뼈대는 안익은 상태였다 솔직한 맘으론 내가 굽고 싶었다ㅋㅋ ㅠ 그래도 분위기는 좋다.. 고기맛도 좋고.. 고기구워쥬는 직원은 복불복이니 어쩔수없는 것.. 흑흑,0
5,맛 굳친철 굳,1
3,1년만에 다시 방문평점 5점에서 3점으로 바꿔요맛은 달라진게 없는데….,0
4,"맛있고 비쌉니다!모둠2인분, 된장찌개",1
1,친구 추천으로 생일날에 일부러 주말에 방문.코로나로 손님도 없었고 테이블 자리도 텅 비었지만 시간이 몇분 남지 않았다는 이유로 고기도 많이 남았고 가격도 싸지 않은데 눈치없이 불판을 빼서 이해가 안대고 직원의 서비스도 너무 마음에 안듬...두번째 방문이지만 너무 실망이며 직원의 사과 하는태도도 너무 성의가 없어서 강남 매장은  두번다시 방문하고 싶지가 않네요......완전 실망,0
5,,1
5,김희X 직원분이 상당히 고기를 잘 구우십니다 ~ !,1
5,맛있습니다,1
5,흠 존맛인정,1
2,장점 - 1. 맛있음 2.콜키지 프리 3.위치단점 - 1. ⭐️불친절⭐️ 말하고 있는데 무시하고 가는 직원은 처음 봄ㅋㅋ근데 더 짜증나는건 들어올 때 부터 기분 나빴는데 그 직원이 처음부터 끝까지 고기 구워줌 검정색 마스크 코 반까지만 쓰고 나이가 좀 있으시던 분^^옆테이블은 나이대가 높아서 그런지 열심히 설명해주더니ㅋㅋ 우리는 걍 고기만 구워 줌 양파도 더 달라고 하니까 숙주 넣어서 드세요 라고 하고 가더니 옆테이블이 달라니까 바로 갖다줌ㅋㅋㅋ 내가 원한 건 양파였는데요?2. 채소가 미리 세팅 되어 있음 - 예약해서 그런 줄 알았는데 그냥 시간 줄이기 같아서 보기 안 좋음맛있지만 불친절한게 너무 쎄서 재방문은 고민 좀 할 듯ㅋㅋ,0
4,맛있음,1
2,"방문은 19시 50분쯤 했는데, 20시에 주문 마감하신다 함. 어느정도 먹고나서 추가로 이것저것 주문하고 싶어 아쉬웠지만, 사회적 거리두기 때문에 21시까지만 영업이 가능하고 나 또한 충분히 늦게 방문했음을 인지했으므로 이에 대해서는 불만이 없다.좋은 점- 고기 상태는 정말 좋고, 직원분들이 어느정도 구워주셔서 비교적 편하게 먹을 수 있다. 밑반찬 류도 고기와 잘 어울리는 편이었다.- 2명이 방문해서 모듬 2인분 주문하고, 모바일 쿠폰으로 등심 1인분도 서비스로 나와서 같이 먹었다. 서비스지만 고기의 질은 똑같이  좋았다.아쉬운 점- 예약하고 간 것도 아닌데, 이미 테이블 셋팅이 되어있었다. 마감이 가까워 시간을 아끼려고 그런건지는 모르겠지만, 밑반찬 중 하나가 표면이 말라서 수분기 없이 고춧가루만 들러붙어 있던게 상차림한지 꽤 오래되어 보여서 다른 밑반찬은 먹어도 그건 안먹었다.- 모바일 쿠폰 기한이 오늘(17일)까지였는데, 직원이 날짜를 착각해 못쓸뻔했다. 단순한 착오로 인한 해프닝이었지만, 앞의 테이블 셋팅과 맞물려 좋지 않은 인상을 남겼다.- 다른 리뷰들과 달리 친절함을 느끼기 힘들었다. 처음에 고기 구워주시던 분은 어느정도 설명해주시면서 비교적 친절히 응대해주셨는데, 우리가 마지막 손님인데다 그 전에 있던 손님도 얼마 없었음에도 나머지 직원들은 마감 준비로 바쁘셨는지 적극적인 응대는 없었다. 결국 눈치껏 알아서 구워먹다가 쫒기듯 계산하고 나왔다.음식은 맛있었는데, 응대가 만족스럽지 못해서 아쉽지만 재방문 할 일은 없을듯 하다. 다른 리뷰들이 칭찬 일색이라 기대가 컸나보다.",0
5,,1
5,,1
4,분위기도 좋고 직원분도 친절하셔서 좋았어요! 설명 하나하나 친절하게 해주시고. 무엇보다 콜키지 프리라 좋아요,1
1,핵노맛식당 분위기가 1점,0
5,"주말엔 점심특선 안 됨ㅠ안 바쁠 때 가서 그런지 하나하나 잘 구워주시고 육즙 굿미디움으로 먹어야 맛있다 함사이드도 다 맛있다하이볼, 고메볼(고량주 하이볼) 존맡탱비싼 게 흠",1
5,맛있고 직원분들이 친절해서 좋아요. 가성비도 좋음. 생각보다 고기가 많이서 한꺼번에 안시키는걸 추천. 와인은 여기서 안마셔봐서 모르겠어요. 아마도..? 괜찮을듯,1
5,"새로 생겨서 정말 깨끗한 인테리어, 마감시간에 지켜봤는데 다 깨끗이 청소하길래 신뢰... 직접 구워주셔서 맛도 훌륭하고 소스나 찬도 좋았다. 와인콜키지도 병당1만원에 서비스가 좋다. 말 한마디를 해도 좋게 해주는 서비스에 기분이 좋은 곳.",1
3,고깃집은 점심에 방문하는게 훨씬좋다는게 변하지않는생각두번방문했는데 한번은 저녁에 방문해서 별로였고 점심에 방문했을때는 괜찮았음외진데있었고 아르바이트월급을 좀 많이준다던가해서 직원을 강화시키면 나쁘지않은집 여유로울때와 바쁠때의 갭이 너무큰게 단점,0
2,굳이 재방문 안할거 같네요.  고기 자체는 괜찮아서 2개입니다. 고기자체 맛은 평균이상이였지만 직원이 고기를 못굽고 서비스도 너무 별로네요. 고기가 아직 덜 익었는데 가위로 잘라서 육즙 전부 빠지게 하고 자를거면 한번에 먹을수 있게 잘라야하는데 너무 건성으로 뭉텅뭉텅 잘라서 결국 제가 직접 하나하나 잘랐습니다.  동일한 가격에 훨씬 맛있고 서비스도 좋은 가게 많습니다. 직원분들 전부 바꾸시고 교육다시해야 합니다.,0
1,비싸고 고기다태우고물도 안갖다줌.. 숯도 안갖다줌...손님이 오든말든 신경안씀...서비스가진짜개구림...가격은 진짜비싸면서 서비스가 구림,0
3,그냥 그래요!,0
5,맛있습니다 ㄹㅇ,1
1,"고기는 질이좋아보이나 서비스가 다 별로임사람이 안친절하다기보단 1인분에 17000원인 삼겹살을 먹으면 보통구워주기마련.물론 안구워주는게 아니다. 다 태우면서 굽는다.특히 비계쪽이 많이 탔고, 직원분께 얘기를 해서 탄부분을 잘라서 주셨다. 빡치지만 그래도 못먹는건 아니니 괜찮았다. 추가로 고기를 더 주문했는데, 불판에 올려두고 직원들끼리 떠들고있었다.보다못해서 결국 직접구웠다. 한줄평 : 불이 너무 세면 숯을 덜 넣던가 아니면 계속 고기를 안타게 구워주던가 170g에 17000원에 고기를 먹으려는 이유가 있는데 그 이유를 싸그리 무시한 가게.",0
2,"콜키지프리, 이베리코목살은 퍽퍽했고 삼겹살 맛집(2022-09-16 재작성)콜키지 2만원. 더 이상 찾아 갈 이유는 없는 곳. 고기는 맛이 있는 편이지만 굳이? 이 가격에? 숙대입구역 모 삼겹살 집을 벤치마킹 한 느낌은 기분 탓인지",0
3,"삼겹살, 목살, 이베리코목살 모두 시켰었는데, 다 기억에 안남는다.특히 이베리코목살은 육안상 마블링은 좋았는데 '차이가 뭐였지?' 싶음.맛은 강남은 워낙 고기집들이 전쟁중이라 상상가는 그 맛이다.두툼한 고기 숯불에 잘 구워서 먹는 맛.된장술밥 그냥그랬고, 비빔국수가 맛있던거로 기억난다.남자분들은 설명이나 고기굽는거나 잘 응대해주심.종업원중 되게 성격이 날카로운 여자분 한 분 계셨는데 아직 잘 다니시려나..?어차피 우연히 방문한거라 다시 갈 일은 없겠지만.",0
5,,1
5,우리 밍구가 아주 좋아해요~^^,1
1,,0
4,,1
4,,1
1,서비스 진짜 별로임.. 친구보다 5분정도 먼저와서 고기시켜놓고 잠시 기다리고 있는데 다른분 언제오냐고 겁나 물어보면서 눈치줌...최악의 서비스.. 강남에 이런데가 잇다니 충격임.직원분중이 키작으셧던 분 같은데 진짜 최악이고 드러웟음,0
5,,1
5,맛있음 반찬도 굿,1
4,,1
5,맛나게먹었어요,1
1,"숯불, 석쇠(그릴)위에 고기를 굽다보니 연기가 너무 심한건 둘째치고 고기에 그을음이 코팅되는군요.목살에 마블링처럼 보이는 부분(목살에 웬 마블링?)은 먹어보니 힘줄 같네요.등받이 없는 의자도 불편해요. 포장마차도 아니고 이 가격에...",0
3,그나마 먹을만한건 이베리코 목살,0
1,"애매하다. 목살은 너무 질겨서 충정로 *툼 보다 못하고, 항정살은 기름덩어리라 남영동 **돈만 못하고, 삼겹살이랑 된찌가 그래도 그나마 제일 낫다. 별 3개가 적당한데, 현 평점이 너무 높아서 1개 드려본다. 웨이팅하면서 먹을 곳은 아닌듯.",0
5,숙성돼지라 맛있었어요~~친절하시고 고기도 잘 구워주세요추가주문도 테블릿으로 해서 편하고단점은 늦게가면 웨이팅이 있다는 점??,1
4,괜찮음,1
4,,1
5,진심 대박 맛있고!특별한건 직원분이 끝까지 구워주시는게 최고!내 인생  최고의 고기집이였음!,1
1,고기는 맛있는데직원분들 태도는 그닥...내 돈 주고가는데 왜 내가 가게직원 눈치를 봐야 하지?,0
1,20분다되도록 고기안나와서 두번이나 얘기했는데  죄송하다는 말도 그닥 성의없이 하시고 고객응대 서비스는 최악이었습니다.  고기는 맛있긴 함.,0
5,걍개마싯윰ㄹㅇ 좀비싸긴함,1
5,고기는 맛있어요~,1
5,고기 맛있어요ㅋㅋㅋ된장밥 도 맛있고 비빔국수도 맛있고유명해지기 전 부터 갔는데 .. 하 맛집이 되버려서 줄을 서야해서 우울하네요 ㅋㅋ,1
5,이름값 갑 한입먹자마자 육즙 오지고 개존맛탱,1
5,강남역 고깃집중에서는 최고입니다~고기자체 숙성이잘된건지 확실히 일반 체인점고깃집들하고는 차이가 있네요 ㅎㅎ,1
1,직원들이 불친절. 바빠서 그런건 이해되는데 고기먹으러 갔다가 기분 잡침.,0
1,"별점 1점도 아까운 수준의 서비스그렇게 저렴한 가격도 아닌 곳이 서비스는 왜저렇게 저렴한지 모르겠음.  처음에 웨이팅 있냐고 전화로 물어봤는데, “웨이팅 있어요?” “네” -> 웨이팅 있냐고 물으면 몇 팀정도 혹은 얼마나 기다려야하는지 말해줘야하는데 네 라니..?강남역에 딱히 먹을만한 곳이 없어서 갔는데, 일하는 알바생들은 화가난것처럼 돌아다면서 고기굽는 실력도 형편이 없고 그보다 더 화나는 건 뭘 물어봐도 대답을 제대로 하지도 않고 지혼자 웅얼웅얼알바인지 직원인지 (머리긴여자) 고기굽다가 튀겨놓고는 못본척하길래 사과 안하냐니까 “몰랐어요 호호 죄송합니다 ㅎㅎ”  내내 썩은 표정으로 다니다가 그때 웃는 모습 처음봄.  사과하라니까 왜웃는지 모르겠음. 생고기는 그럭저럭 먹을만했지만, 가장 최악의 메뉴는 된장술밥, 양념돼지갈비였음. 사장님 된장술밥 연구 좀 하세요. 그냥 된장찌개에 공기밥 말아서 오는게 된장술밥인가요?양념돼지갈비는 세상에서 그렇게 맛없는 갈비는 처음 먹어봄. 인공조미료(쇠고기다시다) 맛에 세상 달고 짜고 알바생은 자꾸 태워먹고 그냥 최악임.  마무리 메뉴로 시켰는데 최근 식사 중 최악의 식사로 기억됨.  절대 가지마세요. *들어가자마자 손님취급을 못받아서 기분 나빠서 음식사진을 안찍어서 올릴 사진이 없었습니다. 된장술밥은 너무 어이가 없어서 찍어둠.",0
4,돼지고기 깔끔하게 먹고싶을때 가는 집늘 웨이팅이 있습니다,1
1,별 1점도 아까웁니다점심에 돈 내고 불친절함 느끼고 싶으면 가세요들어왔는데 안내는 커녕 인사도 없고테이블 셋팅도 우리팀보다 늦게 온 사람들부터 해주고 바쁜 것 같아 뒤에 올려진 물수건 가져다가 썼더니 그거 아니라면서 우리팀 옆팀 보는 앞에서 던지시더라구요? 몰랐다고 죄송하다고 했는데 아주 감사합니다ㅋ 옆팀도 얼마나 놀랬으면 대화를 중단했을까요그나마 진정하고 보는 앞에서 왜 그런거냐고 물었더니 못들은 척 하던데요ㅋ상황설명했더니 말했으면 가져다드렸을텐데 죄송합니다? 장난하세요? 불러도 안오고 주문만 대충 듣고 가셨잖아요그 뒤로도 우리테이블 뒤로 오기만하면 물건을 함부로 던지고 떨어뜨리고 난리치던데요일을 하기 싫으면 그냥 집에서 백수하세요처음으로 고기 돈주고 먹으면서 이런 대우 받고 갑니다,0
4,맛있긴한데 자리가 너무 협소하고 하남돼지가 더 맛남,1
4,고기집에서 고기가 가장 특별했으면 그걸로 충분비싼 임대료 때문인지 미식의 불모지인 강남역에서 이정도면 훌륭하다.목살과 껍데기 항정살 추천,1
3,먹을거면 삼겹살말고 무조건 목살. 껍데기 항정살 먹고싶었으나 늦은시간이라 품절. 강남부근 괜찮은 맛집찾기가 너무 힘들어서 이정도면 나쁘진 않았지만 가격대비 반찬이 부실하고 고기 구워주는것도 좀 설렁설렁 느낌이 있음. 요즘 이런 프리미엄 느낌의 고깃집이 많기때문에 굳~이 재방문은 흠..? 근데 목살은 진짜 맛있게 먹음.,0
5,강남역에서 몇 안되는 찐맛집 인정!!이름에 걸맞게 육즙터지는곳.웨이팅이 길었지만 충분히 웨이팅 할 만한곳이었어요.,1
5,"강남역 지역, 특히 지오다노 뒷골목 쪽은 프랜차이즈만 즐비하고 고기 먹을 곳이 없었는데 이 곳이 생겼습니다. 고기 퀄리티가 상당한데 거기다 직원들이 직접 구워주니까 편하고 더욱 맛있어요. 저는 특히 목살이 정말 마음에 들었습니다. 와인에 한해서 콜키지 프리니까 돼지고기에 와인 곁들여 먹기 좋아하시는 분들은 참고하세요!",1
4,가격이 저렴해 보이지만 맛있어서 먹다보면 많이 먹어서 계산 할 때 금액에 깜놀하는 곳이다. 하지만 어디서 먹더라도 이 곳 보다는 비쌀 것이다. 항정살이 한정수량이지만 먹어보니 역시 삼겹살이 제일 맛있으니 이 점 감안하면 좋을 것 같다. 사이드 메뉴 중 계란찜은 왠지 쫀득 한 게 내 입맛에 딱 맞다. 강남역에서 맘 놓고 배 불리 먹어도 적당한 착한 가격은 “참 잘했어요~” 도장 세 개 쯤은 찍어 줄 만한 퀄리티이다.참고로 모든 고기는 직접 구워주기 때문에 대화에 집중할 수 있어 좋은 곳이다.,1
1,고기가 맛없기 어려운데 진짜별로ㅠㅠ 재래기나 뭐 양파절임 이런거 하나도 없고 목살은 원래 퍽퍽하다쳐도 삼겹살도 퍽퍽함알바가 못자르는건지 비계만 있거나 살코기만 있거나 하는경우도 있었는데 기본적으로 가격대비 너무 맛없음. 퍽퍽하고 육즙은 찾아볼슈도 없었다.. . 내가 평소 좋은것만 먹고다녀서 입맛이 높은건지 ㅋㅋㅋㅋㅋ네이버블로그 리뷰보고 갔는데 사람들입맛 도랏나싶음 ㅠㅜ 나도 블로그에 올리고싶은데 모임때문에 간거라 사진1도 안찍은게 아쉽,0
5,,1
5,곱창 너무 맛있었어요~~! 양도 두명이서 모둠 딱 배부르게 먹음! 그리고 볶음밥이 진짜 최고!! 그리고 옆자리에 곱창 다 먹어놓고 얼마없을 때 볶음밥 먹기 직전에 곱창이 너무 질기다며 이모님께 먹어보라하고 말 꼬투리 잡으면서 시비 터는 개진상 손님 있었는데 끝까지 친절하게 응대하신거 인상 깊었어요 ㅜㅜ 곱창 하나도 안질겼는데.. 고생하시네요~!,1
3,정말 맛있다고 생각했는데 리뷰보고 떠올리니까 앞치마 주머니에서 가위 꺼내서 이 테이블 저 테이블 다 잘라주고 건더기 묻은 국자로 또 다 퍼주시고 다니는 거 역겹긴 하네요 그치만 맛있었어요 반찬 리필칸도 텅텅 비었고 바닥도 더러웠지만 나쁘단 생각은 별로 안 들었구요 근데 다만 다닥다닥 붙어있어서 옆 테이블 하는 말이 다 들렸는데 볶음밥이 안나왔다고 혹시 주문 안들어갔으면 그냥 취소해달라 하니까 사장님은 지나가며 주문 들어갔다고 훽 가버리고 아주머님은 이제 들어갔다고 죄송하다고 하고 좀 웃겼네요 사장님 손님 말을 좀 들으세요,0
5,곱창 맛있어요,1
5,존맛탱입니다 한달에 3번감 3번 다 다른 사람이랑 갔는데 다 맛있다함 대창이 개고소함,1
1,"진심 최악.  기름 빠지는데가 없어, 아주머니가 같은 국자로 모든 테이블 기름을 뜨고 다님. 손님들 먹고 있는데 와서 중간중간 기름 떠냄. 코로나 시국이 아니더라도 위생관념 최악. 곱창도 기름이 심하게 많고 느끼함.",0
4,마법의 가루가 더해진 지글지글의 맛. 역시나 맛있다. 그런데 기름이 온 가게에 퍼져있어서 먹는 내내 미끌미끌한 기분.. 그래서 그런지 먹고나서 더 기름진 누낌. 깔끔한 가게 분위기는 아님. 하지만 맛은 인정.,1
1,위생관념 제로 직원분들 같은 집게 가위로 수십테이블 돌아다님. 앞치마 주머니에서 소독이라도 되는건가.. 매순간 손님들은 곱창 집어먹는중. 다 섞일텐데..,0
1,맛은 있지만 직원 실수를 손님한태 뭐라하면 어쩌라는건지,0
5,,1
2,아 진짜...... 일단 양념같은것도 안 되어 있어서 너무너무 과하게 느끼해요 원래 곱창이 느끼하다지만 이건 좀...선넘음  글고 직원이 볶음밥 나중에 시켜도 된다해서 나중에 시켰는데 여사님이 왜 지금 시키냐는 식으로 눈치 줬어요 김가루도 말 하니까 그제서야 아맞다 하고 갖다 주시고.. 그냥 김치랑만 비벼 먹을 뻔 ㅠ 근디 볶음밥은 개존맛이라 1점 추가로 더 드립니다,0
1,여기 알바생 인지 직원인지 모르겠는데 교육 다시 시키세요;; 밥 다먹고 나갔다가 잠깐 화장실 급해서 다시 들어가서 잠깐 화장실 쓰려고 했는데 x발 마감 해야되는데  이러시면서 궁시렁되시고 일부러 다 들으라고 하는 것 처럼 하네요 ㅋㅋㅋㅋㅋㅋㅋ 진짜 뭐하자는건지 상당히 기분 나쁘네요 못 배운거 티좀 내지 마십쇼 모자라신건가 그냥…,0
4,곰창 개꿀맛 추천,1
3,공기 엄청 탁함 여기 직원들 건강이 걱정될 정도로곱창은 신선한데 왤케 짠거임??두번시켰는데 처음 주문한건 괜찮았는데 두번째껀 소태임,0
1,"환기 하도 안시켜서 가자마자 후추뿌린거같은 매캐한 냄새에 기침,재채기가 계속나옴. 기름 안빠지는 판이라 진짜 겁나느끼함(이건 개인취향일수있음). 곱창집인데 밥떨어졌다고 30분 기다려도 볶음밥 없다그래서 나옴 ㅎ 최악",0
1,아는 동생한테 여기 말고 다른 곳으로 오라고 했는데 기어코 검색하면 이 가게가 제일 위에 뜬다고 여기로 오고 주문도 미리 시켰길래 어쩔 수 없이 먹음매뉴가 나오고 걱정은 현실이 됨너무 질김소주 한 잔에 한 입 먹다 도저히 질겨서 바로 뱉고 계산하고 나옴사람은 왜 이렇게 많은지 알 수 없음,0
5,줄서서 먹음. 맛있다. 둘이서 삼인분 시켰다. 가루 같은거 뿌려서 구우시는데 딱 맛있다. 분위기도 맛있다. 다만 직원 부르는 시스템이 없어서 벨 설치좀 해야 할듯.,1
4,맛있어요.. 곱창보다 대창을 선호하는데 여긴 곱창 곱이 쓰지않고 꽉 차있어서 맛있었어요. 부추에 곱창 기름이 스며들어서 부추랑 같이 먹으니까 더 맛있었습니다.근데 사람이 엄청 많은데 직원분들이 별로없어서 굽기를 잘 봐주시는 것 같진 않아요. 너무 바빠보여서 탄 부분 잘라내달라고 하는 것도 죄송스러운.. 직원분들 더 있어야할거같아요.,1
5,역시 맛집이라 대기가 많던데 오래 기다렸다고 음료서비스도 주시고 사장님넘감사했습니다. 아래 댓글에 서비스 불만글이 좀 있던데 바쁜만큼 이해할 수 있는정도였고 음식점이 맛있으면 됐죠. 큰 서비스 기대없이 방문하면 술한잔하기 최고입니다~,1
2,개인적으로 강남에서 괜찮다는 음식점이 몇 없다 생각하지만 여기만큼은 최고라 했는데… 최근 방문했을 때 큰 실망을 함. 신촌황소곱창 매장 중 여기 지점이 가장 맛있었으나 이젠 가장 별로인 곳으로 남게 됨. 어떻게 이렇게 질기고 맛이 변할 수 있는지… 맛이 변한건지 아님 내가 하필 상태 별로인 날 방문을 한 건지. 아쉽습니다.,0
3,아주머니가 처음부터 계속 손질해주시는데 타이밍 지나면 좀 타더라구요 손님 점점 많아지니까 테이블 신경 못써주심ㅠㅠ그래도 무난했어요,0
5,2번 갔는데 다 맛있었어요 주차도 돼서 편해요밑반찬도 괜찮은 편,1
1,귀찮아서 리뷰 안남기는 스타일인데 여긴 많이 실망이라 남겨요..2년전부터 강남에서 곱창 땡기면 여기갔는데 곱창이나 대창 둘다 갈수록 점점 질겨져서 먹기 힘들어짐. 이젠 절대 안가려함. 코로나로 힘드신지 직원분들 표정에 영혼도 없고 단체손님만 잘해주는 느낌? 기본으로 나오는 국은 깊은맛이 없고 맵기만 함. 볶음밥도 불판에 올리고 슥슥 대충 휘젓는게 다임. 이럴거면 손님한테 직접 볶으라고 하세요.,0
3,무난,0
3,,0
2,너무질겨요ㅜㅜ,0
1,너무너무너무너무질겨서 삼킬수가 없네요ㅠㅠ,0
1,할말은 많지만 하지 않습니다,0
3,제 입맛엔 맛있었어요다만 직원이 부족해서(?)인지 필요한거 주문할 때제때 받기 힘들더라구요ㅠㅠ볶음밥 안 시켰으면 섭할 뻔 했습니다가게가 좀 더 깨끗하고서비스가 좋았으면 진짜 자주 갈 것 같아요,0
3,그닥입니다,0
3,무난해요볶음밥이 제일 맛있다..,0
5,,1
1,곱창은 먹을만하나 볶음밥이 매우 맛없다,0
1,별로 지금까지 먹어 본 곱창중에 제일 별로였음...ㅠㅠ,0
4,,1
4,,1
1,"기름이 빠지는 구조도 아니라서 직원 손을 안타고 먹을 수가 없는데, 직원분들이 너무 바쁘고 사람도 많아서 방치 당하기 쉽습니다... 원래 질긴건지 방치당해서 질겨진건지 곱창은 질겨서 아쉬웠습니다. 방치당하다가 집게라도 주십사 여쭤봤더니 젓가락으로 뒤집으면 된다고 하셔서 기름튀고 사람많고 무슨정신에 먹었는지 모르겠어요. 곱창먹으러가서 볶음밥 시킬 정신이 없었던건 처음입니다.",0
2,사람 너무 많다보니 신경을 잘 안써줌..곱창이 좀 질기기도 하고,0
1,저세상 잡내고무같은 식감첫입에 뱉고싶은심정잡내 심하고 최악턱운동하다 갑니다,0
1,ㅅ바 사장님 인성이 무엇??? ... 비추 비추,0
4,괜찮았어요 사람많은 곳~,1
1,그냥 술마시면서 안주로 먹기는 나쁘지 않지만....곱창 냄새나요ㅠㅜㅜㅜ 별로 예민하지 않은데두요....그리고 가격도 점점 오르구 기름 안빠지는 불판이라 너무 느끼하고....찬들은 손이 잘 안 가네요 볶음밥도 별로ㅠㅜㅜ,0
5,어 난 맛있었는데 아래보니까 좋지않은 후기가 있네이정도면 먹을만 한건데이게 어느정도 구우지면 언능먹어야함 기름에 튀기듯이 볶고 직원이 기름 버리고자시 가져다 주는데 그때부턴 불 줄이고최대한 빨리 먹어야함난 좋았음,1
1,좋은 후기들 다 백프로 알바임..ㅋㅋ 곱창 진짜 좋아하는데 살면서 먹어본 곱창 중 제일 별로. 가격도 비싼편인데 너무 질겨서 턱 나가는 줄 알았음ㅠ 진짜 타이어식감ㅋㅋ 그리고 깊은 냄비같은 데에 구워서 기름이 못빠져나가는 구조라 기름곱창국 먹는줄 알았음.... 기름좀 빼달라고 하면 알바가 국자로 일일이 기름 떠주는데 그래도 쩔어있고... 앵간하면 그냥 곱창고 가세요...,0
1,"턱이 나가는줄 알았습니다. 씹다 뱉다, 씹다 뱉다... 유명해진만큼 제품질도 신경썼으면 하네요. 덕분에 한동안 곱창은 안쳐다볼듯...ㄷㄷㄷ",0
1,질겅질겅 턱빠지믄줄,0
3,"모둠을 시켰는데 곱창만 맛있었다. 그런데 곱창도 기름이 많아서 먹고나니 니글거렸음. 전반적으로 기름기가 많음. 볶음밥은 생각보다 냅고 콩나물국은 약간 비린내가 남음식 나오는 시간은 엄청 빨랐고, 거의 구워져서 나오기 때문에 비교적 냄새가 덜 남",0
5,친절하고 맛있고... 강남에 곱창집중 제일 나은듯,1
5,신촌에 있는 것처럼 맛있고 양도 많다. 직원 분들이 엄청 친절하시다. 강남역에 있다는 게 믿기지 않음. 인근 지역에서 곱창 먹을 곳 찾는다면 무조건 여기 추천,1
4,강남역 곱창은 이 집으로,1
4,종로점보다 훨씬 맛있고 친절함!,1
1,서비스가 별로에요^^,0
5,완전 맛있어요!! 모듬으로 시켜서 다양한 종류 먹어볼 수 있었어요! 그리고 다른곳보다 훨씬 맛있어요! 역시 유명한 이유가 있는 곳이에요,1
5,먹고 집에와도 또 먹고싶은 신촌 황소 곱창~~ 최고입니당!!부추의 살짝 뿌려진 마법의가루 캬~ 죽여줘용~~리뷰쓰는 순간에도  침이 고이네요~,1
5,유명 곱창집은 다 먹어봤지만탁트이고 넓은 공간에 직접 맛나게 구워주시는써비스에 싱싱한 간첩엽까지 맛볼수있는생생리얼보장 맛집입니다.쓰다보니 침이 또 고이네요^^,1
5,완전 맛있어요~~~진짜 곱창~~푸짐해요,1
5,지금까지 가봤던 곱창집중 최고!!너무 맛있어 행복 했습니다,1
5,"솨라생전 맛봐야될 마성의 맛!맛,분위기,서비스쵝오",1
4,"됐소셋트먹음600그램에 9만원대면 소고기300그램,돼지300그램정도되는듯한데 셋트가성비괜찮음(강남이니)소고기는 원뿔은 되는듯하고.가위잘랐을때보니 상태도 좋음다만 룸이다보니 소주,맥주가6000원ㅜㅜ회식장소로괜찮음적당히술먹고,적당히고기,적당히후식하면 인당5.5만원정도",1
5,,1
5,,1
4,"회식하기좋은장소2층,3층구성엘베없음",1
4,적당히 맛나고 그냥 회식하기 좋음,1
3,,0
5,,1
5,"회식장소로 이용했었는데, 고기도 맛있고 가성비도 좋은거 같아요~ 5명이서 고기도 배부르게 먹었는데 30만원좀 넘게 나왔네요 주차공간은 좀 협소합니다.",1
3,2019.01.14 사케투어,0
4,비싸긴 진짜 비싸네요치즈볶음밥 맛있어요 고기도 괜찮고 근데 넘비쌈,1
5,맛있어요 양도 많아 배부르게 먹을 수 있어요 다은에 또 올 것 같습니다,1
3,미리 룸을 예약하고 오면 조용한 분위기 속에 편하게 식사할 수 있어서 아주 좋아요! 맛도좋고 분위기도 좋지만..직원들이 불친절합니다; 참고하세용,0
5,구워줘서 좋았고 맛있었어요,1
5,,1
3,구워주시는 건 좋은데 웨이팅이 오래 걸려요🥲그리고 말소리 울림 + 연기 자욱했어요크림 볶음밥은 정말 맛있었는데 국물 메뉴가 없어서 아쉽…,0
3,,0
5,친목모임,1
5,,1
2,초벌되어 나온 삼겹살. 506시간 숙성육 이라고 해서 엄청난 육즙과 감칠맛을 기대했지만…그냥 고기였음 ㅠㅠ그나마 리조또 스타일의 크림 볶음밥은 괜찮음.별 매력 없음.,0
3,직원수가 좀 부족한것같아요.. 예전에 갔을땐 테이블관리도 잘됐던거같은데 고기 굽는것도 다른일 한참하다 오시고 굽기 문제인지 고기가 예전처럼 맛있지않네요..,0
3,브레이크타임은 말로만 브레이크 타임인듯연예인들 밥먹는거 자주 보네요,0
5,맛있어요,1
5,맛있어요. 찌개류가 먹고싶어지긴 하지만 참아야하는 곳,1
3,"좀 가격이 있지만 맛있고, 친절합니다^^(룸예약, 주차 가능)",0
4,,1
4,"고기도 맛있고, 크림 볶음밥이 진짜 맛있당ㅋㅋㅋ",1
3,시설 좋고 분위기 좋고 직원 서비스 좋다.결정적으로 고기맛이 별로인게 함정.,0
3,한번은 가볼만한집맛은 땅코가 낫다,0
4,가족식사하기 좋아요,1
4,맛있게 먹었어요,1
4,,1
3,삼겹살 쥬이시 하긴 한데 살코기 부분은 너무 퍽퍽하고 목살리 더 맛있는데 요즘 더 맛있는 목살 집도 많아서.. 크림 볶음밥도 그냥 그랬어요.,0
4,매니저님인지 사장님이신지 모르겠지망 홀을 진두지휘(?)하시는 여성 분 너무 친절하시고 사교성도 좋으시고 영업 스킬도 대박이었어용고기 다 맛있게 구워주세요 청결하고 깔끔한 서타일이구테이블 형태가 조용히 먹을 수 있는 형태는 아니지망 고깃집이 다 그렇죠 뭐같이 먹는 사람이 넘모 맛있어하면서 행복해해서 저도 기분 좋았습니다 :-),1
4,괜찮앗어요 사장님 친절해요,1
5,,1
5,,1
4,엄청 비싼데 정말 맛있음 ㅠㅠ 여자 둘이 가서 술도 안마셨는데 9만원 나왔지만 입안에서 육즙이 팡팡 터지는 그 맛을 잊을 수가 없네요.,1
2,음식점 나름 쾌적하고 서비스도 좋은데 고기 맛도 그냥 그런데다가 비싸기까지 해서 비추...,0
5,친절함,1
1,맛은 있는데 가성비가 ㅜ  ㅜ 150그람 1인분이라 둘이서 배부르게 먹었더니 10마넌나왔어용 ㅎㅎ... 뷔페를 갈걸 그랫어용,0
5,월급받아서 또올꺼얌.. 트러플크림볶음밥까지 먹어야해... 안그럼 다안먹은거임...,1
5,맛있어요,1
5,숙성 삼겹살!! 가성비 굳,1
4,,1
5,존맛탱,1
4,,1
1,,0
1,"발렛실장인지 팀장인지 더럽게 불친절 건방지고 영업전이라고 주차장  비었는데도 발도못붖치게 함.  홀매니저한테 예기햇더니  외주없체라고 자기네는 상관없다고함 기막혀서 ㅠㅠ그럼 손님하고 싸워도  외주업체이니  상관없는거냐?  손님하고 갔기에 억지러 쳐묵하고옴다신안감,맛도별로",0
4,,1
1,지인 식사 끝나서 데리러 갔더니 계산중이라고해서 ..잠깐 주차장에서 기다리려 했더니 들어오지 말라고 문전박대 하네...주차장 텅텅 비워져 있는데도..장사는 맛과 인심인데...고기도 그닥.....별하나 미만은 왜 없는지....,0
1,발렛파킹3천원.주차시 서비스처럼 내리시라고 대신해드린다고 하면서 나갈때 돈받네요;;고기도 가격치곤 대단한맛도아님.,0
5,사촌동생이랑 오랜만에 만나서 어디 먹을까하다 30분정도 기다려서 먹었네욯 정말 잘먹었습니다.마지막 오더 물어보시고 고기 남은거 보시더니 구워주신다고 하셔서(항정살이랑 늑간살은 직접 구워먹어야 햐서 ㅜㅠ 나머지는 다 구워주세요!)맛있게 구워 달라는 말에 항정살은 직접구워서 이쁘게 플래이팅 해주신 이소연 선생님!(직급을 몰라서 ㅜㅠ 성함맞나요?틀리다면 죄송해요!) 덕분에 정말 기분 좋은 식사 였어요 ㅎㅎ  감사합니다 ㅎ 마지막 사진이 만들어 주신거 ㅎㅎ,1
3,식당이 쾌적하고 맛도 괜찮은데 서비스가 쉣 직원들 너무 힘들어서 고기 굽는 내내 표정 완전 안좋네요,0
3,"(장점) 이동네 발렛되는 집이 잘 없는데 발렛되어 주차가 편하고 손님모시고 가거나 가족모임으로 좋음. 또한 한 태이블 바뀔때마다 불판 안쪽, 환풍구 까지 닦아주니 청결도가 높다. 분위기도 깔끔한 것이 괜찮다. 고기맛은 적당히 맛있다. 고기가 초벌되어 나오고, 직원이 다 구워주니 먹기 편하다.(단점) 직원들이 고기구워주느라, 정리하느라 너무 바쁘다. 물한병 달라고 하기 어렵다. 벨 눌러도 쌩까고 안온다. 지나가는 직원 붙잡고 말해야함. 다구워주고 갔는데 삼겹살에서 핏물이 줄줄 떨어져 직접 다시 구웠다. 반찬들이 너무 달달한데 직접 만드는 것은 없는 것 같다. 반찬 가짓수를 줄이더라도 김치라도 좀 하면 좋을텐데. 파무침은 너무 눅눅하여 파 시들어서 오래된 쓴맛이 살짝 난다. 고기 맛은 괜찮은데 반찬들이 받혀주는게 없으니 고기맛을 까먹는다.",0
1,매니저님은 진짜 세상친절한데 아주머니 서빙직원분 진짜 심각하게 태도가 안좋아요 가게들어가서 아무자리나 앉으려고 걸어가고있는데 막 부르더니 어디가시는거냐고 따져묻질않나진짜 교육 시급합니다.,0
1,"점심식사 도중 저희 테이블 바로 뒤에 걸려있던 TV가 벽에서 떨어지는 사고가 있었습니다. 하마터면 일행이 다칠뻔한 위험한 사고였습니다. 천만다행으로 사람이 다치진 않았고 즉시 자리를 바뀌주시긴 했지만 그외에 아무런 조치가 없으셨어요. 일행의 가방과 옷에도 먼지가 많이 묻었고, 이미 음식이 다 나와서 먹고있던 중에 발생한 사고였는데도, 메인음식은 물론이고 기본찬과 컵, 수저까지 사고난 자리에 있던 것을 그대로 옮겨주시더라고요.. 이후에 식사를 이어갔지만 기분탓인지는 몰라도 음식에서 뭔가 씹히는 것 같고 제대로된 식사를 하기 어려웠습니다. 사고 발생시에 점원분이 자리 옮겨주면서 괜찮냐고 묻긴 하셨지만 당연히 나중에라도 매니저님이나 점장님이 따로 사과의 말씀이 있으실 것이라 생각했는데 계산하고 나올때까지 아무도 아무말 없이 지나가시더라구요. 그닥 기분이 좋진 않았습니다. 테이블 바로 옆 벽이 무너지는 큰 사고가 고객이 식사중에 발생했는데 그에 대한 대응이 많이 미흡한 것 같습니다. 아직도 놀라서 심장이 두근거리네요...",0
3,"506, 806 둘 다 먹어봤는데 아주 특별히 맛있다는 느낌은 못 받았어요. 룸비도 좀 비싸고..",0
3,고기3인분+볶음밥+룸비 8만원맛은 육즙넘치는 삼겹살 맛있지만 몇점먹으니 금방 물리더군요 사이드가 더 맛있어요인테리어는 평범  (환기안되서 파향때문에 눈물질질흘림)계산할때 영수증보고 룸비포함되있길래 남직원한테예약하면서 선결제한 룸비 환불되냐하니 당당하게 안된다고해서 당황함 (당연히 환불됐음),0
3,,0
4,"맛있다. 방송에 나온 집인줄 모르고 갔다. 후기를 보니 평점이 낮길래 엄청 걱정했다.가격은 150g 1.7 이정도면 싼건 아니다.고기를 직접 구워주신다. 굽는 분마다 조금씩 다르겠지만 우리테이블 구워주신 남자 직원분이 진짜 잘 구워주셨다 . 숙성고기 이정도면 맛있는데?? 7시에가서 웨이팅 10분정도 했다. 아쉽게도 드라이에이징 고기는 품절 상태였다.5번 사진에 나온게 삼겹2 목살 2 인분이다.4인 가족으로 고기 8인분 먹었다.숙성고기면 명이나물이랑 잘 어울릴텐데...명이나물 소스에 절여진 파채가 나온다 . 치즈볶음밥1 인분인데 그다지 추천은 하지않은다.밥을 원하면 김치찌개에 공기밥 추가하는걸 추천한다. 김치찌개는 깔끔했다.여기까지 와서 가성비를 기대하지 않길 바란다.걱정과 달리, 직원분들 다 친절하셨고 직급이 쫌 있어보인 여자 직원분 께서 자리안내부터 나갈때까지 친절하게 대해주셨다.비싸다고 생각들면 우사단로에 있는 숙성고기도 비슷하니 비교적 가격이 싼 동네 고기집 가면 될듯하다.",1
4,"나혼자 산다의 이시언과 비(정지훈)가 만나서 밥 먹었던 가게, 이영자가 추천한 가게라고 해서 가 봄.먼저 3층은 예약해야 된다.룸비가 5만원인데, 룸비를 내는 값은 한다특별 대우 받는 느낌이고 고기도 구워주고 하나하나 신경써준다.고기와 대파를 함께 먹을수 있도록 옆에서 직접 구워준다테이블이 넓직하고 룸도 넓고 조용해서 귀한 손님과 미팅하기 적절한 장소같다2층은 일반 손님 식사 장소인데여기는 점심때 많이 바빠서 전쟁터 같다내가 바쁠때 가서 그런지 모르겠지만3층과 다르게 홀 직원들도 정신없어 하고, 고기값도 저렴한게 아닌데 밥값에 대한 대우(?)를 기대하고 가면 안됨고기는 이베리코 돈육을 숙성해서 돼지고기가 아닌 소고기를 먹는듯 하다육즙도 있고 식감 또한 뛰어나다사장님과 사모님 진짜 친절하신데아쉬운점은 일부 직원들의 서비스 정신이 부족해서고급스러운 업장의 이미지를 깎아 먹는게 흠이다그런 직원들은 홀이 아니라 손님을 직접 대하지 않는 주방으로 배치시키는게 나을듯",1
1,여기에 가지 말아야 하는 이유 3가지.1) 직원들 서비스교육이 시급. 갈때마다 기분나쁜 대우2) 이정도 급의 고기는 육ㅈ식당이라던지 대안이 많음.3) 저녁에 가보면 홀에 연기 가득 차있어서 별로방송 한번 탔다고 정신못차리는 집.,0
1,"음식은 맛있어서 1점 드립니다소주 가져다 달라고 벨 누른지 8번, 기다리다, 참다 참다 중간 벨 한번 누르니 발로 소주 쳐서 가져다주네요.",0
4,가격은 좀 있지만 숙성고기가 특유의 꿈꿈내가 나고 맛있어요. 크림치즈덮밥은 엄청 달아요. 발렛주차 원치 않아도 3천원. 3층은 예약해야 갈수 있는 프라이빗 룸,1
4,,1
1,"고기 맛 평범함. '가격+직원친절도'를 생각하면 가성비 엄청 낮음.서울에, 역삼엔 돼지고기 맛집 엄청 많음. 더 싸고 훨씬훨씬 더 친절한 곳, 엄청엄청 많음.이 곳에서는 내가 짐짝이 되는 신세계 경험할 수 있음. 비싼 자리세를 내도 손님 취급해주지 않음.",0
5,구워주는 고기집은 강추!! 목살 맛나요!!!,1
1,별 한개도 아깝구요 고기맛은 뭥미? 서비스도 엉망..주문하고 30분동안 고기도 안나와서 알고보니 직원이 까먹은거라고....  룸 예약도 안했는데 룸으로 안내하고 룸 비용 5만원 따로 받구요?..  최악입니다  진짜 방송하고 날로 먹네요,0
1,말그대로 거품입니다. 방송 나온걸로 장사하는 집,0
1,"일단 온라인으로 예약하면 무조건 룸으로 예약되서 5만원이 음식값과 함께 결제되는데, 유의사항을 유심히 안읽으면 약간 헷갈리는 것 같음 룸에 들어갔어도 불판 켜놓고 고기올리는거 까먹으셔서 불판에서 연기나고..서비스도 별로였음 또 삼겹살계의 스카이캐슬이라고 하고 밥블레스유에 나와서 한번 가봤는데 고기맛은 그냥 보통. 진짜 와!! 하는정도 아님",0
1,동네 시장정육점보다 맛없어요,0
1,조오온나 별로임일단 입구에 있는 여자 매니져는 싸가지가 없고 직원들도 불친절가격대비 돼지고기 그냥 그럼치즈맛은 그냥 방송용인듯일년도 안되서 삼겹살 목살 2000원씩오르고양은 졸라 적어서 남자 둘이가면 4인분먹어야 배부름이런집에 왜 줄서서 먹는지 모르겠다 ㅋㅋㅋㅋ결론 직원들 졸라 불친절 싹퉁머리 없고 고기맛 그저 그럼+ 식탁에 돼지기름으로 코팅되어있어서 미끌미끌,0
5,,1
5,イベリコ豚のモクサルがおすすめ！テーブルに一人前だけの熟成肉は、それほどでも。地ビールのアメージングも飲め、ワインも飲め、予約もできるので満点にしました(^^),1
3,"506을 먹었는데..  506시간 숙성은 아닌듯합니다 맛과 차림이 깔끔하여 비싸게 파는 고기집인데,  다른 작은 숙성고기 식당에 비하여  치즈향이나 묵은 향이 매우 약해요 숙성고기 때문에 간다면 비추예요",0
3,,0
5,점심때 갔는데도 806이없다-_-; 하루20인분 한정. 요즘 이 가격대 비슷한 서비스가 많지만 음식이 정갈하고 브랜딩 되어 있는 느낌이 좋았다.,1
1,인생고기라 할만큼 놀랍게 맛있지는 않음.주차장도 양아치임. 입구 차로 막아놓고 발레주차 해야만 주차해줌. 밥 먹고 차한잔 마시고 올라하면 시간당 5천원 달라고 함.개인적으로 광화문이층집이 더 낫다고 생각함.,0
3,기대보다는 평범함. 오래 기다려서 먹을 맛은 아니다.,0
4,"여러 블로그의 포스팅과 다르게 현재 점심에도 806을 맛볼수 있었고, 나름 맛있게 먹었다. 지금까지 돼지고기 정말 맛있게 먹은 집은 육전식당인데 그곳이 육즙이 느껴지도록 잘 구운 돼지고기라면 이곳은 숙성을 해서 씹으면 담백하고 고소한 맛이 느껴지는 그런 느낌의 돼지고기 였다. 육즙보다는 향과 씹을수록 느껴지는 고소함?에 초점을 맞춘 돼지고기 맛이었고 의외로 한정메뉴인 806보단 506 목살이 맛있었다. 크림볶음밥은 리조또 같은 느낌.",1
4,이영자는 나보다 음식을 훨씬 많이 먹어본 사람이라 그런지 이 사람 리스트를 따라가면 실패가 없다.너무 맛있다. 806은 숙성된 치즈처럼 엄청 진한 맛이다. 신세계임.,1
3,,0
1,직원들 교육이 총체적 난국임ㅋㅋㅋㅋ 맛은 좋으나 전체적으로 어수선하고 직원 본인들이 책임감이없음 이정도 맛의 식당은 어디든 있기때문에 두번세번가고싶지는 않아요. 고기 주문하고 계란찜을 주문하면 기본상차림엔 계란찜이 나오는데 따로 주문하시겠어요 라고 안내를 해주어야하는게 메뉴얼 같은데ㅎㅎㅎ 자기들 바쁘다고 정신없이 휙 가버리고 다른 알바생이 계란찜 만들어진거 가져오면서 이걸 왜 시켰는지...라는 뉘앙스로 말하며 두고가곸ㅋㅋㅋㅋㅋㅋ 이것뿐만 아니라 두번 방문하면서  이러한 스토리 갈때마다 생기던데.... 직원 매뉴얼 제대로 만들어서 교육좀 시키세요 제~~~~발,0
1,여기 시스템 완전 이상함. 추가주문이 안된다니 ㅋㅋ 그리고 사실을 말하면 댓글 삭제까지 합니다~ 맛은 나쁘진 않음,0
1,여기 불친절하고 맛도 없어요‥ 가지 마세요~^^,0
4,,1
5,존맛탱!!!!!!!!!목살이 살살사르르ㅡ르르를를를를를ㅜㅜ크림볶음밥 김치찌개로 마무리,1
4,,1
3,,0
5,,1
5,,1
4,,1
5,수입산이면 어떠하리 싸고 맛있으면 된 것을 껄껄,1
5,강남에서 이 가격에 냉삼과 술을 먹을 수 잇다는 것에 감사합니다ㅠ맛이 엄청 잇다고 보긴 어러우나 가격에 비해 꽤 합리적인 맛이에요돈까스나 육회는 생각보다 굳이 시켜야되나 싶지만 판이 달궈지는데 오래 걸려서 그전에 간단하게 술먹기 위해 두긴 좋은 것 같아요,1
1,죄다 수입산. 가격을 내려라,0
5,가성비좋아요,1
5,맛가성비 최강,1
5,맛있어요 가격 싼 만큼 셀프지만 분위기도 술먹고 밥먹고 고기먹기 좋은 곳이에요,1
4,가상비 좋고 고기 맛있음. 친절하고 고기구워주는 데 아님.,1
3,,0
1,"진심으로 기분나쁘게 먹은곳사장이랑 직원은 턱스크 아니면 마스크 벗고 손님상대하며 음식만지고있지않나육회시켰더니 간은 안돼있고 육회깻잎노른자비빈맛이라 소스달라하니 소스는없다하고,,(그럼 기본간이라도 잘해주던가,, 아니면 손님 이렇게 드셔보세요 혹은 저희가 간을 세게 안하는 식당이라서요 , 라는 액션정도는 취하는게 맞다 생각함)손님들어올때 눈인사는커녕 큐알이요 한마디가 끝싼거찾아간게아니라 냉삼유명하다길래 갔는데진심으로,, 비추천이에요 정말정말가서 기분만 상하고 나왔어요 아무리 셀프인 식당이어도기본적으로 손님 테이블 어디앉아야하는지 번호만 띡 불러줄게아니라 최소한 위치라도 안내하고 우리 가게는 셀프라 ㅇㅇ는 저쪽에서 이용해주세요 하는 말 한마디는 있어야 하지 않나 싶네요.뭐 물어볼때마다 없어요 안돼요 아니요 셀프요이말만 반복,,ㅋㅋㅋㅋㅋ장사의 기본 마인드는 안돼있고 돈먹고 밥먹는 손님을 개똥만큼도 못하게 생각하고 하대하는 식당은 돈을 줘도 먹으러 가기 싫습니다.힘든 시기에 자영업자분들 고생많을게 뻔해서 이런 리뷰 단적도 없는데응대 최악중에 최악이라 리뷰 남겨요.가지마세요 어차피 1인분에 4천원대여도 두명 가면 삼인분시켜야됨.",0
1,냉삼. 싸 보이긴 해도 먹다보면 글쎄... 고기도 좀...,0
1,최악  아주머니 싸가지도 없고 냄새도 나고   개구림  스트레스 쌓여 나옴,0
5,"전반적으로 셀프 고깃집 스타일이라 처음가면 조금 정신없을 수도 있을 것 같다. 그러나 허름한 선술집, 동네 돼지갈비 맛집을 선호하는 사람이라면... 강남역 일대에서 이만한 집을 찾기 어렵다. 예전에는 웨이팅도 상당했다고 들었는데 지금은 바이러스 감염 때문에 그런 불편함도 없다.굳~이~ 아쉬운 점을 하나 꼽자면... 셀프 반찬바(?)에 놓인 개인접시 사이즈가 조금만 큰 것이 있으면 좋겠다 싶은 정도? 그 외에는 모두 만족스러웠다.개인적으로 웨이팅을 질색팔색하는 편이라... 바이러스가 물러나고 일상으로 돌아갔을때 웨이팅을 하면서까지 갈 생각은 없지만, 지금 상황에서만 보자면 (내 취향상) 강남역 최고의 맛집으로 꼽고싶다.",1
4,,1
4,,1
4,,1
4,,1
5,제가 가본 냉동삼겹살집중 원탑.호일 안쓰는게 가장 큰 장점. 냉동의 그 고유한 맛 굿입니다고사리가 특히 굿굿사장님은 친절하세요 알바들은 어딜가나 어쩔수없다고 생각함.제가 갔을 땐 다들 친절하셨음,1
4,고사리 부시고 싶을 때 갑니다. 돈가스도 좋아요.,1
5,저 왔을때는 직원분들 너무 친절하셧구용싼맛에 먹기좋은 고기같아요!!돼지냄새 예민하신분들께는 잡내가 좀 날수도있는데 1인분 4900원인거치곤 너무 맛잇게 먹었습니당~주전자 우동도 짱. 걍 음식들 다 싸고 양이 엄청많아요!,1
1,,0
1,사장인지 알바인지 모르겠는데 키180정도되고 안경안끼고 조끼패딩 입는 남자 진짜 ㅈㄴ 싸가지 없음 밥맛도 떨어질 정도임;; 진짜 가지마세요 돼지고기 3인분이상 주문해야하고 굳이 강남 변두리까지와서 먹을이유는 없다고 생각함 오지마세요,0
2,"가격에 딱 알맞은 맛. 가성비로는 나쁘지 않았으나 직원이 매우 불친절해요.값이 저렴하더라도 음식을 적게 시킨것도 아니고 고기 5인분에 밥, 찌개까지 주문했습니다. 가게에 들어가자마자 인사 없고, 테이블 안내 없고, 이용안내 없었습니다. 선주문, 밑반찬 및 수저는 셀프인거 미리 알고 가서 상관은 없었지만 이 정도 응대는 기본적인거라고 생각합니다. 주문을 하러 갔는데도 툭툭 던지시는 듯한 대답에 기분도 썩 좋지 않았습니다.결과적으론 강남권에서 저렴한 가격에 배부르고 맛도 나쁘지 않았으나 직원분들의 불친절한 응대 고치지 않으면 두번은 안갈것 같습니다. 차라리 돈 더 내더라도 직접 구워주고 손님 응대 친절한 고기집 갑니다.",0
4,,1
3,이 동네 사는 사람이자 생활외식인으로서 그냥 드는 생각은 말입니다. 이 가격대의 삼겹살을 먹을생각을 하면서 조용한 룸으로 예약을 하겠다는 생각 자체를 하는 분들이 신기하다입니다.,0
1,첫 주문이 기본 3인분부터면 1인분에 5000원이 아니라 7500원이죠~왜 거짓말 하시나요...?,0
3,저녁시간에 웨이팅 오십분 걸린 거 같은데 그정도 까지 기다릴 필요가? 싼 만큼 셀프서비스가 많고 위생적이진 않네여ㅜ ㅜ 웨이팅 하는데 먼저 예약한 사람들인지 몇 팀은 그냥 먼저 들어가구.. 저렴하지만 고생하면서 고기 먹고싶진 않네요,0
1,"최악. 어떻게저런직원들이 장사를 할수있나싶네요예약은아무런 의미도 없고, 불친절에, 손님들이랑대화가 아예 안되는 직원들밖에 없네요싼맛에 가성비찾아 가시는거라면 다른곳을 방문하심이.......",0
4,삼겹살 가격대비 불만없음돈까스 맛있음셀프 배식대에 음식이 엥꼬나서 군대때 줄서서 배식하던것처럼 기다려서 배식받음.다른 지역에서 이랬으면 별 한개지만 이 비싼 강남땅에서 이렇게 장사하는건 그 자체로 존중받고 의미 있다 생각함 근데 돈까스는 가격 제외하고 그냥 맛으로만 따져도 고퀄리티,1
1,화장실냄새나는 식당은 처음이었고 어디에 앉아도 냄새가 심해서 놀람.앞치마도 지저분하고 냄새남. 전반적으로 위생 별로,0
5,개맛집.. 요즘 유튜브니 인스타니 완전 너무 많이 나오다보니 줄 서고 정신없어서 짜증. 돈가스 미침,1
5,끝내줌 차돌박이 존맛 두배는 두꺼운듯,1
4,냉동삼겹살 저렴하고 맛있게 먹을만함,1
2,싼맛에 먹는곳..,0
1,1인분에 5천원이라 써 있지만 사실 2인이가도 3인분이상 시키셔야됩니다 라고 하기때문에 1인분에 5천원이라고 홍보하는건 거짓입니다그냥 솔직한가격(1인분에 7500원)을 내세워도 충분히 싼데 이렇게 홍보하시는건 아닌것 같습니다,0
5,,1
2,가성비는 좋습니다만 냉삼의 질이 그다지 좋다고는 말 할 수 없습니다. 그야말로 싼 맛에 갈만 합니다.,0
3,고기와 사이드는 맛있지만 서비스가 부족하네요고기 굽다가 직원분이 귀찮았는지 저한테  떠넘기시더라구요주문누락도 있고서비스만 보완하면 좋을 것 같습니다,0
1,Q 밑에 평점 안 좋다가 갑자기 5 점 쭈우우욱 주는 사람들의 공통점은?,0
4,단점이라면 그릴링시스템이 일정하지 않다는것이네요직원분들에 따라서 그릴링 편차가 심합니다못하시는분은 강남에서 이 수준이라고? 할 정도로 태워주시네요,1
1,"고기도 너무 맛있고, 볶음밥도 너무 맛있었는데 서비스가 최악이었어요. 냉면을 시켰는데 주문오류가 있어서 안들어갔는데 죄송하다는 말도 한마디 없이 자기들끼리 깔깔거리면서 이야기하는 것부터 9시에 마감이여서 8시50분에 나가려고 일어나는데 옆에 치울꺼 준비 다하고 얼른 나가라는 듯이 안녕히가세요를 옷입고 있는 사람 옆에서 엄청 크게 소리치더라고요 최악의 서비스로 기억될것 같아요.",0
5,친절하심 맛도맛있어용♡♡,1
4,맛있어요♥,1
2,전화를 아예내려놓는듯합니다,0
5,,1
1,"유멍한 체인 고기집이라 기분좋게,왔는데 바쁜곳이라 그런가요??김치달라 3번 말해도  다른일만하고 고기 더안시키냐고 묻기나 하고 기분상한티,내니 10초만에 오네요곧 가져온다는 답을 하지 말든지 말했던 두분은 모두 눈앞에서 딴짓만 하네요 다른 테이블 치우고  있구  쳐다도 안보네요다신 이런곳 안옵니다 제글 삭제 하시겠지요?오늘만 열번 쓸생각입니다 삭제하면 곧 또 쓸랍니다",0
4,음식은 괜찮으나 시끄러워서 대화가 안됨.. 조용히 밥 먹기는 어려운 곳이에요.,1
5,고기 두툼하니 너무 좋았음. 찌개도 최고. 회식에도 딱인 듯,1
5,고기가 너무 부드러웠고 뭣보다 가게 분위기가 고급져서 기분 좋게 먹고 왔네요^-^ 볶음밥까지 배부르게 먹고 왔어요~,1
5,가게 진짜 고급져요ㅎㅎ 고기도 부드럽구 맛있습니다.,1
5,두툼한 고기 좋아하는데 완전 제스탈 ㅠㅠ 육즙 장난아니에여!!! 잘먹고갑니당,1
5,고기질도좋고 신선한거 같아요육즙짱 볶음밥도 볶아먹으니 맛나네요배부르게 먹었어요,1
5,실내 인테리어 깔끔하고 메뉴구성 너무 좋았어요 고기 퀄리티 너무 좋고 육즙 장난 아니네요 맛있게 잘 먹고 갑니다 ^^,1
5,고기가 고소하고 대박 맛집 찾은것 같아요!너무 맛있게 잘 먹은 맛집입니다,1
5,직원분들 친절하시고 음식도 깔끔하게잘나와용 고기육즙장난아니네용 완전대박임 또생각남^^,1
5,친구추천으로갔는데  진심후회없음 가성비갑 맛집추천추천,1
5,고기가 두툼하니 너무 맛나요 겉바속촉 하네요 김치찌개에도 돼지고기가 엄청 들어가있어서 너무 맛있어요 굳굳굳굳굳,1
5,고기가 엄청 두툼한데 너무 부드러워요!!! 딱 씹었을때 육즙이 촤르르 퍼지네요ㅠㅜ,1
5,일단 처음 먹어보는데 고기 맛있네요두툼하니 고기에서 육즙이 좔좔~~가격도 저렴하고 양도 많아서배불리 먹고 갑니다~반찬도 깨끗하게 잘 나오네용^^,1
5,너무 맛있어요 ! 직원분들도 친절하셔서 다음에 또 오고싶어요 ㅎㅎ,1
5,분위기가 고급스럽고 가격도 저렴한편이었고 고기도 두툼하고 부드러워요 철판볶음밥도 진짜 꿀맛 재방문 할것같네요~,1
5,직원분들이 친절하시고 고기 다 구워주셔서 시간가는 줄 몰랐네요. 힐링했어요. 감사합니다!,1
5,가게도 너무고급지고 깔끔하고 고기질이 무지좋아요 잘구워주셔서 행복햇어요ㅎㅎ사이드들도 괜찮구요,1
5,출장와서 우연히 방문했는데 잘 먹고갑니다^^제가 좋아하는 약간 도톰한 고기라서 더 좋았네요~!,1
5,테이블 간격 굿이었구요 분위기가 고기집인데도 꽤나고급집니다ㅎㅎ데이트장소로도 괜찮은듯고기도 육질 아주굿이에요!,1
5,직원분들 친절하셔서 감사했어요!,1
5,와 여기 점심 진짜 맛잇으여........룸 크던데 회식 한번 하자고 해야겠다..,1
4,고기맛이 그저 그래요. 친절하셔서 감사르,1
1,,0
4,인테리어도 좋고 맛도 좋아요.,1
1,"그럴듯한 외관에 속은 느낌. 최악의 서비스.숄더랙 시켰는데 아무 설명없이 뼈 부분은 잘라서 주방으로 가져가고 구워줄 때 마다 집게와 가위를 테이블에 툭툭 던졌어요특히 아주머니께서 심하셨는데 불러도 쳐다만 보고 지나가고 고기 굽다가 테이블로 튕겨져 나가도 아무 말 없이 다시 툭툭 굽고, 최악이였어요그렇다고 맛이 특별나지도 않고, 가겠다는 사람들 붙잡고 말리고 싶어요가격대는 강남 쪽 구워주는 고깃집들이랑 비슷한데 서비스는 그에 비해 한참 떨어집니다두번 다시는 가지도 않을거고, 비추할겁니다.제일 친절할 때는 결제하고 나갈때였습니다. 여러모로 최악",0
1,맛도 서비스도 모두,0
2,"점심메뉴가 작년엔 9가지가 넘었는데 1인메뉴로 가능한 메뉴는 2개뿐임,차돌청비빔밥과 육개장같은거.. 다른지점에서는 판매하던데.. 이지점에만 판매를 안하는 메뉴는 손익을 위해서 접은듯.. 1인손님은 오지말라는건가..맛잇엇던 그메뉴 먹고싶다. 메뉴판에 품절표시가 언제 사라지려나",0
4,저녁메뉴는 모르겠으나 점심메뉴는 괜찮다. 돼지김치찜 맛나다. 먹어라.,1
1,1점도 아까운 집입니다.40분동안 고기 한 점 못 먹었습니다. 고기가 계속 안익어서 20분 뒤에 아주머니에게 불 좀 바꿔달라고 말씀드렸는데 계속 기다리라고 하셔서 기다렸습니다. 5분 뒤에도 고기가 계속 안익어서 다시 말씀드렸는데 별 조치 없으셨어요. 나중에 40분쯤 되었을때도 고기가 안익어서 말씀드렸습니다. 사과 말씀 없이 계속 기다리라고만 하셔서 고기 한점 없이  40분 동안 사이드 메뉴만 먹었습니다. 그리고 3번쯤 컴플레인 했을때서야 불판 바꿔주시고 40분동안 육즙 빠진 고기를 그냉 먹으라하더라구요. 매니저님은 더 가관이던데요. 죄송합니다 사과 한마디 안하시더라구요. 환불만 처리해주시더라구요. 시간이 아까운 집입니다.손님을 왕처럼 대접하는 서비스를 바라는게 아닙니다.문제가 있으면 무엇이 문제였는지 설명을 해주시고 사과를 하셔야죠.가지마세요. 돈 더 주고 더 좋은데 가시길바랍니다.,0
1,"숄더렉 먹었는데 맛도 별로고, 일단 너무 불친절하셨어요. 굳이 찾아갈 가게는 아니네요",0
5,"고기 잘 구워주시고, 수제맥주가 진또배기!! 맛있네요 :-))회식장소로도 굳. 고기냄새도 많이 안배고, 인테리어도 고급져서 좋네요. 후기 별로 안좋아서 걱정했는데 그럴 필요 1도 없었던!!식사시간 맞춰가면 웨이팅 많음 주의",1
3,,0
1,최악맛없음왜가는지모르겠음별도아까움0.2정도는줄수있음물과 콜라가먹을만하거든인테리어만큼 음식퀄리티나 신경쓰지김치볶음밥? 멀넣은거야,0
4,고기 맛잇고 구워줘서 편해요분위기 있고 좋네요모임할때 좋아요,1
1,방문전 전화로 웨이팅 문의했더니 앞에 2팀있다고 해서 10분만에 갔으나 서빙이 밀렸다는 이유로 식사도 웨이팅도 불가능 하다는 이유로 쫓겨났습니다. 10분만에 상황이 변하진 않았을텐데.. 다시는 방문하고 싶지 않습니다.,0
4,삼겹살 목살 진짜 쫄깃쫄깃 맛있어요! 목살 다른 집은 (특히 여기 밑에 집) 퍽퍽 그 자첸데 ㅋㅋㅋㅋ 여기는 어떻게 이렇게 부드럽고 맛있는지.. 밑에 집 대기 없는 이유가 있네요. 강남이라 살짝 비싸지만 재방문 했는데도 만족. 냉면? 비추 볶음밥 계속 땡기는 맛인데 양이 적음반찬이랑 홍합탕? 평타 정도하고 고기 숙성은 안 시키는지 아주 살짝 비린내가 있어요.,1
5,여러분 목살이요 목살다른거 말고 목살이오 제발,1
1,남알바 싸가지 ㅎ,0
5,고기 양도 많고 너무 맛있어요 ㅎ후식들 다맛있어요 해물라면 냉면! 직원들이 고기 직접 다꾸워주시고 친절하세요이베리코 목살 최고,1
1,고기 양이 그냥 ㅋㅋㅋ너무 적음 ㅋㅋㅋㅋ 싼편도 아닌데..직원들 불친절함 볶음밥 먹을만함,0
5,토요일 점심에 갔었는데 사장님 알바직원분 다 친절하시고서비스도 너무 좋았습니다~ !!또 갈게요~,1
4,맛있는데 고기맛이 좀.. 알바생 타요,1
3,삼겹살이랑 항정살 먹었는데 맛은 다른 고기집하고 비슷했다..양도 좀 적은 편..직접 구워주시는데 바빠서 그런지 좀 태움..여기는 꽃게라면이 제일 맛있다ㅋㅋㅋ고기 먹고 느끼한게 싹 가시는 느낌!!,0
3,고기는 맛있긴 한데.. 여자끼리 온 테이블에만 친절한 직원분은 참 이상함.. 그리구 웨이팅 너무 길어서 다시 안 갈 듯,0
5,,1
4,맛있는데 양 적고 알바생들 불친절함직접 구워주고 반찬 잘 나와서 그나마 4점 줌,1
5,,1
5,직접 구워줘서 좋고 맛도 있어요여자 직원은 불친절해요그래도 맛있으니 5점이에요,1
3,맛있는 고기집,0
5,고기 맛있어요 잘 구워주시고 밑반찬도 좋아요 조금 비싸기는 한데 구워주는 값이랑 머... 찌개가 다른 된장찌개 같은 것보다 맛있어서 대충 그값이라고 생각하면 괜찮 여자 둘이서 고기 4인분에 맥주2 소주1 냉면 먹으니까 배불러요,1
4,,1
5,"고기 진짜 잘구워주시고,직원분들 친절하세요(바쁠땐 모르겠지만 난 하가할 때 감)너무 맛있어요 ♡♡♡♡♡",1
5,목살 개맛있음가성비는 안 좋음,1
4,,1
1,고긴 맛있는데 양이 쥐오줌만하고 일단 검은색 옷 입으신분이 너무 불친절해서 화날정도^^ 그리고 볶음밥 1인분 시켰는데 원래 반공기라고 말도 안되는 소리하는데 맛도 개짬 손님 불편하게 하는 식당 첨임,0
1,"고기는 정말 맛있었고 여자 알바생분들 너무 친절하셔서 좋았어요 ㅎㅎ 하지만 남자직원분, 삼겹2인분 시켰는데 목살 2인분으로 잘못나와서 말씀드렸더니 죄송하단 말도 안하고 훽 가져가버리시고 ,,, 고기도 구워주시다가 나중엔 저희가 구워먹었습니다 ㅎ 볶음밥을 추가로 2개 시켰는데 하도 안나오길래 주문이 들어갔냐고 여쭤봤더니 한참을 안오시는,, 다시 불러서 안들어갔으면 그냥 취소해달라고 말했더니 훽 취소해버리시는게 맞는건가요,,? 즐겁게 밥 먹으러 갔다가 기분만 나빠졌습니다 ㅎㅎ",0
5,여기는진짜 고기에진심인곳 인생돼지목살집,1
2,맛은 있으나 양이 쥐 오줌만 함,0
5,참 맛있는 삼겹살과 꽃게라면.,1
5,이렇게 친절한 고깃집 첨봐요!!,1
4,존맷 사장님 친절해요~,1
5,말모말모.. 목살 존맛탱 웨이팅 너무 심각하지만 그래도 가는 이유가 있어요.,1
5,최고의 찐맛집! 지금까지먹어본 고기집중에서 제일맛있었어요,1
1,알바생 한 명이 4개 정도 테이블 고기를 구워주시는데 동일한 집게와 가위를 쓰는거보고 경악했어요~ 물티슈로 쇠판 닦고 그 탄거 묻은 집게로 또 남의 테이블 고기집고 ㅠ구워주는 서비스 좋지만 그 전에 기본인 위생이 먼저아닐까요? 한 테이블마다 1개의 가위 집게. 개선됐으면 좋겠어요~,0
5,저 세상 맛집....목살이 이렇게 맛있는 줄 처음 알았던 집삼겹은 기본이고요!,1
5,너무 친절하셨어요 웨이팅 때도 순서 바로바로 알려주시고 고기도 잘 구워주시는데 서비스도 잘해주셔어요 박경빈 매니져님 최고였습니다 친구 생일이라 케익도 맡겨주시고 설명도 잘해주시고 고기가 제일 맛있어서 5점 드립니다 목살 존맛;; 라면은 필수⭐️⭐️⭐️⭐️⭐️,1
5,고기가 맛있다. 근데 이제 구워 주셔서 편안함을 곁들인..,1
5,사장님이 매우 친절하고 유쾌하세요 고기도 맛있어요,1
4,"메인 고기며 밑반찬, 서비스로 주시는 탕까지 진짜 최고입니다! 직원분들도 정말 친절하시고요! 다만 정말 봉우이층집을 사랑하는 사람으로써 사장님께 부탁 좀 드립니다 제발 화장실 좀 깨끗하게 청소해주세요 ㅠ 리모델링 아니 페인트칠이라도 ㅠ 손씻는 핸드워시라도 하나 구비해주십셔! 화장실 상태가 정말 너무 심각합니다 ㅠ 식사 전 손 씻으러 갔다가 너무 놀랐습니다 ㅠ",1
4,화포식당이랑 비슷한거 같아요 ㅇㅅㅇ  소주는 얼려나와 좋어요,1
4,,1
5,맛있었습니다.제가보기엔 4점대에요(평점 오르라고 5점 드림)친구 추천으로 갔구요꽃게 해물탕은 서비스 고기는 맛있습니다. 숯불입니다강남에서 맛으로는 이만한집 찾기 힘들듯,1
5,,1
5,목살맛집. 통통한 고기가 진짜 일품. 항아리냉면도 같이먹음 맛있어요. 맛있는 고기먹고싶을때 믿고 가는집,1
5,고기도 맛있고 기본으로 주는 탕도 맛있어요! 바쁜데도 직원분들이 빨리 움직여주셔서 좋았습니다,1
5,,1
4,평일방문. 약간의 웨이팅이있었으나 고기 정말 맛있음. 청결도만 조금 신경썼으면.,1
1,문신돼지 알바생 개극혐이네요 ㅋㅋ 내 돈내고 고기먹는데 고기건들이지 말라하네요. 주변에 고깃집많아요 다른곳가세요~,0
5,인생 목살집!! 넘 맛있어요,1
4,고기 구워주셔서 편하고 고기와 먹는 명이나물 등이 맛있다. 명이나물+고추냉이 조합이 제일 좋음. 근데 제일 맛있는건 항아리어쩌구냉면,1
4,목살보다는 삼겹살이 존맛,1
1,최최악악,0
5,"목살이랑 항정살 먹었어요. 다 구워주셔서 편했고, 무엇보다 고기가 맛있었습니다.",1
1,별 한개도 아깝다‼️가지마세요 ‼️비싸기만하고 고깃집인데 고기가 별로임 ㅋㅋ삼겹살이 걍 비계덩어리임. 고기가 다 저딴식임.직원들 전부 불친절. 사장도 있는데 그딴식으로 한다는건 가게 자체가 장사할 마음이 없다는 것 같음.,0
5,고기도 구워주고 맛있음,1
2,고기 퀄리티는 나날이 나빠지는데 가격이 계속 올라가서 아쉬움. 몸집 큰 매니저급이랑 전반적으로 알바생들이 굉장히 무례할 정도. 손님에게 틱틱대기까지 해서 아쉬움.,0
3,고기만 좋다. 나머진 그닥,0
4,,1
1,삼겹살 다 이랬음.. 굽기전에 말해야 된다하는데 자르기 전에는 몰랐어요..작년에 갔을때 맛있어서 간건데 지인들한테 맛있다하고 데려간거 후회됩니다 ㅠ삼겹살1인분 다 이랬어요.. 저는 먹다 뱉었어요,0
1,고기 구워주는데하나도 안익엇는데 먹어라고 올려줌가위달라고해서 반잘라보니 아직 생고기임짐게달라고하니깐 행주집게라고 떡하니 써잇는거 줌,0
5,맛있는데 식사류는 창렬..,1
4,,1
1,직원태도가 영~ 불친철하고 손님방치하고 음식점가서 화나긴 처음이네요.,0
5,,1
5,열심히 먹느라 사진이 없다. 이런 고기집을 몰랐던 게 부끄러울 정도. 고기와 사이드도 실하고 서비스도 만족스러운 곳. 자꾸자꾸 먹어서 돈이 많이 나오는 곳-_-;,1
3,"구워주시던 직원, 고기, 반찬은 괜찮았는데 식사류가 최악이네요. 시켜서 먹기는 아까울정도 고기만 많이 드시고 나오면될듯. (소주도 히야시 잘되있고요)",0
4,딱 고기만 먹어도 고기가 참 맛있음 먹다보면 10만원 넘어감.. 넘비싸,1
1,직원태도가 기분나쁘네요자기 편하게 일하려고 그렇게 하시나요?표정이 진짜 한대 치겠어요ㅋㅋ,0
5,,1
4,"삼겹살,이베리코목살,냉면,볶음밥고기 구워주고 사이드메뉴들이 맛있음.강남역이랑 선릉역에도 있음",1
5,고기부터 사이드메뉴까지 정말 완벽하게 다 맛있어요,1
5,맛있다리 꾜,1
5,맛좋게 구워줘요~,1
5,"직접 구워주고, 직원 친절하고, 고기집 치고는 옷에 냄새도 많이 나지 않습니다. 소주는 기가막히게 시원하게 해줍니다. ㅎㅎ 이베리코 목살이 삼겹살보다 맛있습니다.",1
5,삼겹살 너무 맛있고 점원님께서 친절했어요!,1
3,맛있긴한데 가성비가..,0
5,바쁘신 와중에도 들러서 고기 뒤집어주시고 친절하셨어요!만족스럽게 먹고 갔습니당고기는 당연히 마싯지만 떡 꿀맛...,1
5,바쁜 분위기에서도 메뉴 놓치지 않고 다 갖다 주세요.꽤나 친절하시고 고기랑 떡 명이나물 김치칼국수 맛있음,1
1,늦은 시간 갈 때 없어서 갔는데 자리 많은데도잠깐 기다리라면서 세워두다가자기네들 치우기 편하려고 그러는지널널한 자리말고 사람들 모여있는 자리로 감그리고 전체적으로 바빠보이지도 않았는데뭐그리 분주한지... 벨 눌러도 고장 났는지 울리지도 않고주문해도 되냐니까 잠깐만 기다리라는 말은 세 번은 들은듯고기양 적은 건 뭐 강남이니까 그렇다쳐도서비스 정신 바닥임1점도 아까움,0
1,예전 일하시던 분들 어디갔나요.. 사장 바뀐 듯..,0
1,"팩트만 말씀드립니다. 월요일 저녁에 방문했습니다.1. 들어가자마자 정말 일하기 싫어하는 표정으로 응대해주십니다.2. 먹는 방법 일절 설명 안 해주십니다.3. 고기 불판에 올려서 가위질 해주고 나머지는 알아서 구워 드셔야 합니다.* 교대 이층집에서 거의 처음부터 끝까지 직접 고기를 구워 먹은 적이 처음인지라 직원 두 분에게 직접 구워 먹는 곳이냐고 여쭤봤습니다. 한 분은 “네.”  - 고기 뒤집어주면서 대답하셨습니다.(?)한 분은 “코로나 이후로 잘 안 구워준다(?)” 는 식으로 말씀하셨습니다.코로나 이후로 여러 교대 이층집만 10번을 넘게 갔으나, 여기 지점만 방침이 그런진 모르겠습니다.다른 6인 테이블은 좀 자주 가서 구워주시더군요.이도 저도 아닌 서비스면 차라리 안 하시는 게 나을 것 같습니다.일하기 싫어하시는 표정과 태도의 종업원분들에게 불판에 고기 올려주고가위질 몇 번 해주고지나다니면서 고기 한 두번 휘적거려주는서비스를 받고 싶으신 분은 여기로 가셔서 식사하세요.",0
1,고기 밑반찬 다별로 그리고 댓글알바 티남,0
1,불친절하고 배추김치가 없습니다찍어먹을 마땅한 소스도 없고..무료로 주는 해물탕? 탕이라하기도 좀 그런데..ㅋ 칼국수 (8000원)인데 무료로 줬던 해물탕에 사리만 넣어 주시더라구요? 그럴거면 사리 추가 값만 받던가..가격대비 별로입니다. 매우 별로ㅠ,0
1,최악입니다. 일단 직원이 싸가지가 정말 없고요. 저희가 뭘 잘못했나 싶을 정도였습니다. 보통 매장 처음 오면 '저희 매장 이용해본 적 있으세요?' 라고 응대하고 메뉴 소개와 셀프바 이용 등을 안내하는데 하나도 없었고요. 고기 메뉴와 탕 메뉴 외엔 표기도 안 되어 있었고 저 멀리 벽면에 조그맣게 붙여놓고 메뉴에 관해 물어보니까 건성건성 지 멋대로 대답하더군요. 뒤에 '습니다' 만 붙인다고 해서 친절하고 공손한 말투가 되는 게 아닙니다.. 말 끝나기도 전에 습니다~ 습니다~ 이러면 기분이 좋겠냐구요.. 참고로 꽃삼겹 진짜 맛없습니다. 절대 먹지 마세요. 그냥 싸구려 고기 얼렸다가 대패처럼 얇게 썰었는데 대패삼겹살 사먹는게 훨씬 이득입니다. 지금 사진상 보이는게 310g입니다... 가지마세요.. 저거 먹고 53000원 나온 게 어이없습니다...^^,0
1,알바생이 일을 엄청 열심히 합니다!고기맛은 별로였습니다,0
1,하…진짜 평점 믿고 갔는데…꽃삼겹이 뭔가 했더니 냉동삼겹 얇게 썬거 였네요….통삼겹도 느끼하기만하고..같이 구워주는 떡이 제일 맛있었어요. 이걸먹고 이돈을 썼다는게 너무 화가나서 리뷰남깁니다. 차라리 근처에 있는 두껍삼 가세요. 삼육가 갈걸 신논현까지 걸어가기가 귀찮아서 여기 평점보고 갔다가 땅을 치고 후회했어요..가격차이도 얼마 안나는데 퀄리티 차이가 너무 심하네요. 최근에 갔던 고기집 중 정말 최악이었습니다.,0
5,"직원분이 너무너무 친절하시고 좋았어요!고기도 다 구워주시고 잘라주시고꿀맛 조합도 알려주셔서 정말 맛있게 먹고왔네요시험 끝나고 꼭 다시 갈게요!!!!!!!!!!!밑반찬도, 고기도 진짜 맛있었습니다ㅜㅜ",1
3,음식은 맛있는데 서빙할때 인상 쓰고 하지 마시고  친절도만 좀 신경 써주세요.,0
4,,1
4,이모님이 너무 친절하시고 가게가 깨끗한편항정살 괜찮고 된장찌개 맛있음,1
5,어쩌다 급하게 찾아서 간 곳이엇는데 고기 직접 맛잇게 구워주시구 고기 질도 좋고 기본으로 나오는 국물이 너무 술 재질이라 결국 낮술함 ㅎ.....존맛,1
5,,1
5,목살 퍽퍽하지 않고 맛있음:),1
5,맛있게먹었다 융숭한대접에감사한다,1
5,메뉴가 다 맛있네요. 후식 아이스크림도 좋습니다,1
5,고기도 맛나고 장소도 깨끗하게 잘되어 있습니다^^,1
4,이층집에서 질좋은고기와 맛있는음식을 먹으며 친구나 연인들의 즐거운시간과 좋은추억을 만들수있는 곳으로 최고의장소다,1
5,맛있네요. 고기도 다 구워주시고 만족했어요.,1
5,맛있다. 명이나물과 와사비도 줌. 꽃삼겹이 진짜로 꽃 모양으로 나온다.,1
4,"맛, 서비스, 분위기 아주 좋네요. 추천드립니다.",1
5,고기도 구워주고 명이나물에 싸먹으면 진짜 존맛!!!,1
5,"삼겹살을 다 구워주시고, 특히 꽃삼겹살은 마치 소고기 차돌박이 같은 얇음. 꼭 드셔보세요",1
1,절대 안감. 고기상태도 별로고 비계덩어리줌가 본 식당 중에 최악임.직원 싸가지 없는건 덤 .,0
5,해물탕이 시원해서 술먹으러 갈때 딱 좋은것 같아요 고기고 맛있고 명이나물도 맛있어요!!,1
5,직원분들도 친절하시고고기맛도 좋네요 ~다음에 또 방문할께욧,1
1,“남자” 사장이 엄청 불친절;가지마세요,0
4,꽃삼겹 미쳤습니다... 목살도 묵직하고 좋아요 .. 가격이 있지만 충분히 그 값을 합니다. 디저트로 우유 아이스크림 있는데 이거 남녀노소 불문하고 즐길 수 있는 맛입니다 달달해요 ㅎ,1
4,무난무난 체인이라 거기서 거기,1
1,교대에 있는 이층집 자주가서 갔는데 반찬수도 뭔가 작고 엄청 불친절하네요.. 교대 생각하고 가지 마세요,0
5,장인어른과 장모님을 모시고 간곳중에 최고의 고깃집 왠만해선 장인 장모가 극찬을 하는곳이 없던때라 솔직히 기대반반이였으나 장인의 입맛에 딱이였는지 굉장히 많은양을 시켜본것같네요 대패 삼겹살같은 느낌으로 씹는 식감도 나름 훌륭했고 얇디 얇은 고기로도 충분한 육즙 분위기는 80년대 가정집과 같은 느낌도 들어 포근했고 다소 시끄러운것뺴면 고기도 먹는방법을 알려주고 굽기까지 해주니 먹기만 하면 만사오케이 꽃삼겹과 목살먹었구요 다음에 다시금 온다면 채끝살도 먹어볼랍니다 기대이상의 기분으로 잘먹고 가봅니다~,1
5,인생고기집! 육즙 장난 아님 고기도 다 구워주시고 된장찌개랑 차돌볶음밥 엄마가 해준거 보다 맛있음(엄마 미안) 룸도 있어서 회식도 예약하고 왔어요!!!! ㅋㅋ,1
1,생삼겹살 사먹을 돈으로 맛 드럽게 없는 냉동삼겹살을 먹을 수 있는 곳. 식당 별로여도 댓글단 적은 없는데 여긴 정말 아님.. 가지마세요 누가 사준다 그래도 딴데가세요,0
